cart_velocity,pole_angular_velocity,pole_angle,motor_command
-53.27336,0,-0.008726646,0.6755332
-39.717033,1.5734448,0.3962714,0.6755332
-26.160707,-0.123727895,0.39420927,0.6755332
-12.604382,-0.16945916,0.39138496,0.6755332
0.95194435,-0.21552776,0.38779283,0.6755332
14.50827,-0.26204675,0.38342535,0.6755332
28.064596,-0.3091264,0.37827325,-0.30416995
25.058727,-0.24172978,0.37424442,-0.30416995
22.052856,-0.17509605,0.37132615,-0.30416995
19.046986,-0.10909686,0.36950788,-0.30416995
16.041115,-0.0436142,0.368781,-0.30416995
13.035245,0.021466626,0.3691388,-0.30416995
10.029375,0.08623747,0.37057605,-0.30416995
7.023505,0.15086837,0.37309054,-0.30416995
4.0176353,0.2154542,0.37668145,-0.30416995
1.0117655,0.28009644,0.38134968,-0.30416995
-1.9941044,0.34491023,0.3870982,-0.30416995
-4.9999743,0.4099827,0.39393124,-0.30416995
-8.005844,0.47547734,0.40185586,-0.04044348
-8.005844,0.5207659,0.41053528,-0.04044348
-8.005844,0.56677616,0.41998154,-0.60055816
-17.446972,0.6780839,0.43128294,-0.60055816
-26.8881,0.7898021,0.4444463,-0.60055816
-36.329227,0.9020636,0.4594807,-0.60055816
-45.770355,1.0149803,0.47639704,-0.60055816
-55.211483,1.128663,0.49520808,-0.60055816
-64.65261,1.2432008,0.5159281,-0.60055816
-74.09374,1.3587022,0.53857315,-0.60055816
-83.534874,1.4751775,0.56315947,-0.60055816
-92.976006,1.5927036,0.5897045,-0.60055816
-102.41714,1.7112979,0.6182262,-0.60055816
-111.85827,1.8309727,0.6487424,-0.60055816
-121.2994,1.9517177,0.681271,-0.60055816
-130.74052,2.0734813,0.7158291,-0.60055816
-140.18166,2.1962016,0.75243247,-0.19710708
-140.18166,2.2682083,0.79023594,-0.19710708
-140.18166,2.3430593,0.82928693,-0.19710708
-140.18166,2.4207027,0.86963207,-0.19710708
-140.18166,2.5010767,0.9113167,-0.19710708
-140.18166,2.584105,0.95438516,-0.19710708
-140.18166,2.669692,0.99888,-0.19710708
-140.18166,2.7577107,1.0448419,-0.19710708
-140.18166,2.8480234,1.092309,-0.19710708
-140.18166,2.9404643,1.1413168,-0.19710708
-140.18166,3.0348444,1.1918975,-0.19710708
-140.18166,3.1309392,1.2440798,0.98246837
-122.26155,3.1854722,1.297171,0.98246837
-104.341446,3.2482734,1.351309,0.98246837
-86.42134,3.3192365,1.4066296,0.98246837
-68.501236,3.398204,1.4632663,0.98246837
-50.58113,3.4850235,1.52135,0.98246837
-32.661026,3.5794916,1.5810082,0.98246837
-14.740921,3.681374,1.6423644,0.98246837
3.179184,3.790387,1.7055376,0.98246837
21.099289,3.9062047,1.770641,0.98246837
39.019394,4.028419,1.8377813,0.98246837
56.9395,4.1565604,1.9070573,0.98246837
74.859604,4.290092,1.9785588,0.98246837
92.77971,4.428352,2.0523646,0.5455246
103.951996,4.547236,2.128152,0.5455246
115.12428,4.666177,2.2059214,0.5455246
126.29657,4.7843127,2.28566,0.5455246
137.46886,4.90076,2.3673394,0.5455246
148.64114,5.0145416,2.450915,0.5455246
159.81343,5.1246395,2.5363257,0.6806053
173.4607,5.245215,2.623746,0.6806053
187.10796,5.360665,2.7130904,0.6806053
200.75522,5.4697647,2.804253,0.6806053
214.40248,5.5712657,2.8971076,0.6806053
228.04974,5.664024,2.991508,-0.09559661
228.04974,5.645879,3.085606,-0.09559661
228.04974,5.617386,-3.103956,-0.09559661
228.04974,5.5785847,-3.0109797,-0.09559661
228.04974,5.5296283,-2.9188192,-0.09559661
228.04974,5.470764,-2.8276398,-0.09559661
228.04974,5.402337,-2.7376008,-0.09559661
228.04974,5.324781,-2.6488545,-0.09559661
228.04974,5.238608,-2.5615444,-0.09559661
228.04974,5.1444054,-2.4758043,-0.09559661
228.04974,5.042799,-2.3917577,-0.29926485
225.16968,4.9186926,-2.3097794,-0.29926485
222.28961,4.7900405,-2.2299454,-0.9054182
207.23819,4.6018,-2.1532488,-0.9054182
192.18677,4.4168196,-2.0796351,-0.9054182
177.13535,4.2357116,-2.0090399,-0.9054182
162.08392,4.059005,-1.9413898,0.8692975
179.02368,3.9738047,-1.8751597,0.8692975
195.96344,3.878161,-1.8105237,0.8692975
212.9032,3.7727466,-1.7476447,0.8692975
229.84296,3.6582534,-1.6866738,0.8692975
246.78271,3.535418,-1.6277502,0.8692975
263.72247,3.4049525,-1.5710009,0.8692975
280.66223,3.2675745,-1.5165414,0.8692975
297.602,3.1239772,-1.464475,0.8692975
314.54175,2.9748254,-1.4148946,0.8692975
331.4815,2.820764,-1.3678819,0.8692975
348.42126,2.6624022,-1.3235085,0.8692975
365.36102,2.5002925,-1.281837,0.8692975
382.30078,2.3349721,-1.2429208,0.8692975
399.24054,2.1669338,-1.2068052,-0.854751
385.0825,2.0794296,-1.1721481,-0.854751
370.92444,1.9970198,-1.1388644,-0.854751
356.7664,1.9196002,-1.106871,-0.854751
342.60834,1.847067,-1.0760865,-0.854751
328.4503,1.779312,-1.0464313,-0.854751
314.29224,1.7162224,-1.0178276,-0.854751
300.1342,1.6576968,-0.9901993,-0.9142295
284.92868,1.6079283,-0.96340054,-0.9142295
269.72318,1.5626945,-0.93735564,-0.9142295
254.51767,1.5218688,-0.9119912,-0.9142295
239.31216,1.4853777,-0.8872349,-0.9142295
224.10666,1.4531343,-0.863016,-0.9142295
208.90115,1.4250662,-0.8392649,-0.9142295
193.69565,1.4011,-0.81591326,-0.9142295
178.49014,1.381174,-0.7928937,-0.9142295
163.28464,1.3652325,-0.7701398,-0.9142295
148.07913,1.3532428,-0.7475858,-0.9142295
132.87363,1.3451267,-0.725167,-0.9142295
117.66811,1.3408703,-0.7028191,-0.9142295
102.4626,1.3404516,-0.68047833,0.6319668
115.231834,1.1811792,-0.66079205,0.6319668
128.00107,1.0234087,-0.64373523,0.6319668
140.77031,0.8670477,-0.62928444,0.6319668
153.53955,0.7120022,-0.61741775,0.6319668
166.30879,0.55819297,-0.60811454,0.6319668
179.07803,0.40545473,-0.601357,0.6319668
191.84727,0.25369748,-0.5971287,0.019496083
191.84727,0.18179533,-0.59409875,0.019496083
191.84727,0.11056511,-0.592256,0.019496083
191.84727,0.039879646,-0.59159136,0.019496083
191.84727,-0.030380474,-0.5920977,0.019496083
191.84727,-0.10032368,-0.5937698,0.019496083
191.84727,-0.17006683,-0.59660417,0.019496083
191.84727,-0.23973286,-0.6005997,0.019496083
191.84727,-0.30942243,-0.60575676,0.019496083
191.84727,-0.37925133,-0.6120776,0.79854596
207.57169,-0.54561067,-0.6211711,0.79854596
223.2961,-0.71149355,-0.63302934,0.79854596
239.02051,-0.8769521,-0.64764524,0.79854596
254.74492,-1.0419941,-0.6650118,0.79854596
270.46933,-1.2066741,-0.6851231,0.79854596
286.19373,-1.3709475,-0.7079722,0.79854596
301.91812,-1.5347672,-0.7335517,0.79854596
317.64252,-1.698049,-0.7618525,0.79854596
333.3669,-1.8606545,-0.7928634,0.79854596
349.0913,-2.0224557,-0.82657105,0.11890745
351.03387,-2.1133885,-0.8617942,0.11890745
352.97644,-2.2061298,-0.898563,0.11890745
354.919,-2.3006601,-0.93690735,0.2013154
358.97397,-2.4062428,-0.9770114,0.2013154
363.02893,-2.5128634,-1.0188924,-0.4494784
356.66684,-2.5795197,-1.0618844,-0.4494784
350.30475,-2.6500123,-1.1060513,-0.4494784
343.94266,-2.7242506,-1.1514555,-0.4494784
337.58057,-2.8021688,-1.1981584,-0.4494784
331.21848,-2.8836443,-1.2462192,-0.4494784
324.85638,-2.9685338,-1.2956947,-0.4494784
318.4943,-3.0566993,-1.3466398,-0.4494784
312.1322,-3.1479514,-1.3991057,-0.4494784
305.7701,-3.2420774,-1.4531403,-0.4494784
299.40802,-3.3388278,-1.5087874,-0.4494784
293.04593,-3.4379373,-1.5660863,-0.4494784
286.68384,-3.5390859,-1.625071,-0.4494784
280.32175,-3.6419199,-1.6857697,0.15134692
283.13956,-3.7381685,-1.7480725,0.15134692
285.95737,-3.8310816,-1.8119239,0.15134692
288.77518,-3.920181,-1.8772602,0.15134692
291.593,-4.0049186,-1.9440088,0.15134692
294.4108,-4.084776,-2.0120885,0.15134692
297.2286,-4.159238,-2.0814092,0.15134692
300.04642,-4.2278123,-2.1518726,0.15134692
302.86423,-4.2899475,-2.2233717,0.15134692
305.68204,-4.3451953,-2.2957916,0.15134692
308.49985,-4.3931103,-2.3690102,0.15134692
311.31766,-4.433332,-2.442899,0.15134692
314.13547,-4.4654093,-2.5173225,0.15134692
316.95328,-4.48908,-2.5921404,0.15134692
319.7711,-4.504141,-2.6672094,0.06262624
319.7711,-4.5290813,-2.7426941,0.06262624
319.7711,-4.545493,-2.8184524,-0.40165472
314.45413,-4.590892,-2.8949673,-0.40165472
309.13718,-4.627771,-2.972097,-0.40165472
303.82022,-4.6558757,-3.0496948,-0.40165472
298.50327,-4.6748695,-3.1276093,-0.40165472
293.1863,-4.684541,3.0775003,-0.40165472
287.86935,-4.684741,2.9994214,-0.40165472
282.5524,-4.6754084,2.9214978,-0.40165472
277.23544,-4.6565375,2.8438888,-0.40165472
271.9185,-4.628215,2.7667518,-0.121890485
271.9185,-4.5535674,2.690859,-0.121890485
271.9185,-4.471522,2.6163337,-0.121890485
271.9185,-4.382564,2.543291,-0.6432878
261.65128,-4.3506527,2.4707801,-0.115890324
261.65128,-4.248627,2.3999696,-0.115890324
261.65128,-4.141212,2.3309493,-0.115890324
261.65128,-4.028946,2.2638001,0.7097738
275.81876,-3.8446898,2.199722,0.7097738
289.98624,-3.662669,2.1386776,0.7097738
304.15372,-3.4833837,2.0806212,0.7097738
318.3212,-3.3071413,2.0255022,0.7097738
332.48868,-3.1342008,1.9732655,0.7097738
346.65616,-2.9648318,1.9238516,0.7097738
360.82364,-2.7991736,1.8771987,-0.27185935
358.67325,-2.6741383,1.8326297,-0.27185935
356.52286,-2.5475898,1.7901698,-0.27185935
354.37247,-2.4198198,1.7498395,-0.27185935
352.22208,-2.2911367,1.711654,-0.27185935
350.0717,-2.1617887,1.6756241,-0.27185935
347.9213,-2.0320015,1.6417575,-0.27185935
345.7709,-1.9019892,1.6100577,-0.27185935
343.6205,-1.7719268,1.5805256,-0.27185935
341.47012,-1.6419724,1.5531595,-0.27185935
339.31973,-1.5122511,1.5279553,-0.27185935
337.16934,-1.3828772,1.5049074,-0.27185935
335.01895,-1.2539346,1.4840084,-0.27185935
332.86856,-1.1254995,1.4652501,-0.27185935
330.71817,-0.99762124,1.4486231,-0.54177034
322.44235,-0.86476,1.4342104,-0.54177034
314.16653,-0.73189646,1.4220121,-0.54177034
305.89072,-0.5991414,1.4120264,-0.54177034
297.6149,-0.46660826,1.4042495,-0.54177034
289.33908,-0.33439666,1.3986763,-0.54177034
281.06326,-0.20260927,1.3952994,-0.54177034
272.78745,-0.07131751,1.3941108,-0.54177034
264.51163,0.059388548,1.3951006,-0.54177034
256.2358,0.18941604,1.3982575,-0.54177034
247.95999,0.31868076,1.4035689,-0.32578826
244.41328,0.44119966,1.4109222,-0.32578826
240.86658,0.5630686,1.4203067,-0.32578826
237.31987,0.68424517,1.4317107,-0.32578826
233.77316,0.8047065,1.4451225,-0.32578826
230.22646,0.92441666,1.4605294,0.107376814
231.8361,1.0390854,1.4778476,0.107376814
233.44576,1.153573,1.4970738,0.107376814
235.0554,1.2678875,1.5182053,0.107376814
236.66505,1.3820196,1.5412389,0.107376814
238.2747,1.4959449,1.5661713,0.107376814
239.88435,1.6096202,1.5929983,0.107376814
241.494,1.722988,1.6217147,0.107376814
243.10365,1.8359767,1.6523143,0.107376814
244.7133,1.9484888,1.6847892,0.107376814
246.32295,2.0604038,1.7191292,0.107376814
247.9326,2.1715958,1.7553225,0.107376814
249.54225,2.2818978,1.793354,0.107376814
251.1519,2.391127,1.8332062,-0.7389939
239.08746,2.472526,1.8744149,-0.595533
229.74458,2.5546412,1.9169923,-0.595533
220.4017,2.6318328,1.9608562,-0.23620033
219.3059,2.7273135,2.0063114,-0.23620033
218.21008,2.8196957,2.0533063,-0.23620033
217.11427,2.9086907,2.1017845,-0.23620033
216.01846,2.9940252,2.151685,-0.23620033
214.92265,3.0753212,2.2029405,-0.23620033
213.82684,3.1522803,2.2554784,-0.23620033
212.73103,3.2246203,2.309222,-0.60858476
203.13347,3.2491293,2.3633742,-0.60858476
193.5359,3.2662897,2.4178123,0.62992966
206.26805,3.4011006,2.4744973,0.62992966
219.0002,3.5332475,2.5333848,0.62992966
231.73235,3.6620815,2.5944195,0.62992966
244.4645,3.7870798,2.6575375,0.62992966
257.19666,3.907519,2.7226627,0.62992966
269.9288,4.0227666,2.7897089,0.62992966
282.66095,4.132187,2.8585787,0.62992966
295.3931,4.2349877,2.9291618,0.62992966
308.12524,4.3305054,3.0013368,0.62992966
320.8574,4.418106,3.074972,0.9514973
338.7775,4.5357018,-3.1326182,0.9514973
356.6976,4.6436477,-3.055224,0.9514973
374.6177,4.7409897,-2.9762075,0.9514973
392.5378,4.826838,-2.8957603,0.9514973
410.45792,4.900322,-2.8140883,0.9514973
428.37802,4.9608283,-2.7314079,0.9514973
446.29813,5.007672,-2.6479466,0.9514973
464.21823,5.0402846,-2.563942,0.9514973
482.13834,5.0583677,-2.4796357,0.3034755
488.48987,4.99331,-2.3964138,0.3034755
494.8414,4.9190125,-2.3144302,0.3034755
500,4.829912,-2.2339318,0.3034755
500,4.709358,-2.1554425,0.3034755
500,4.5844927,-2.0790343,0.3034755
500,4.4559283,-2.0047688,0.3034755
500,4.324289,-1.9326974,0.3034755
500,4.1901655,-1.8628613,-0.06847447
500,4.0541224,-1.7952926,-0.06847447
500,3.916707,-1.7300142,-0.06847447
500,3.7784233,-1.6670405,-0.06847447
500,3.6397421,-1.6063781,-0.06847447
500,3.5010967,-1.5480264,-0.06847447
500,3.3628726,-1.4919785,-0.06847447
500,3.2254286,-1.4382213,-0.06847447
500,3.0890744,-1.3867368,-0.06847447
500,2.9540758,-1.3375021,-0.06847447
500,2.8206694,-1.290491,-0.06847447
500,2.6890543,-1.2456734,-0.06847447
500,2.5593872,-1.203017,-0.06847447
500,2.4317973,-1.162487,0.67246675
500,2.30639,-1.1240472,0.67246675
500,2.183234,-1.08766,0.67246675
500,2.0623739,-1.053287,0.67246675
500,1.9438417,-1.0208896,0.67246675
500,1.8276294,-0.99042916,0.67246675
500,1.7137312,-0.961867,0.67246675
500,1.6021086,-0.93516517,0.67246675
500,1.4927223,-0.9102865,0.67246675
500,1.3855041,-0.88719475,0.67246675
500,1.280387,-0.865855,-0.5748412
491.06424,1.2206092,-0.8455115,-0.5748412
482.12848,1.1636621,-0.8261171,-0.5748412
473.19272,1.1094413,-0.8076264,-0.5748412
464.25696,1.0578661,-0.7899953,-0.5748412
455.3212,1.0088326,-0.77318144,-0.5748412
446.38544,0.9622835,-0.7571434,-0.5748412
437.44968,0.9180675,-0.7418422,-0.5748412
428.51392,0.8761167,-0.72724026,-0.5748412
419.57816,0.836366,-0.7133008,-0.5748412
410.6424,0.7987128,-0.69998896,-0.5748412
401.70663,0.76308453,-0.6872709,-0.5748412
392.77087,0.7294016,-0.6751142,-0.5748412
383.8351,0.69759065,-0.6634877,-0.5748412
374.89935,0.6675751,-0.6523614,0.07875955
375.59006,0.5820372,-0.6426608,0.07875955
376.28076,0.49788085,-0.63436276,0.07875955
376.97147,0.41492784,-0.6274473,0.07875955
377.66217,0.33303952,-0.6218966,0.07875955
378.35287,0.25205678,-0.6176957,0.07875955
379.04358,0.17193505,-0.6148301,0.07875955
379.73428,0.09249615,-0.61328846,0.07875955
380.425,0.013576021,-0.6130622,0.07875955
381.1157,-0.06486565,-0.6141433,0.22587717
385.74588,-0.16708195,-0.61692804,0.22587717
390.37607,-0.26900756,-0.6214115,0.22587717
395.00626,-0.37081677,-0.6275918,0.22587717
399.63644,-0.4725526,-0.63546765,0.22587717
404.26663,-0.5743734,-0.6450405,0.22587717
408.89682,-0.67638195,-0.65631354,0.22587717
413.527,-0.77869964,-0.66929185,0.22587717
418.1572,-0.8814227,-0.68398225,0.22587717
422.78738,-0.9846925,-0.70039386,0.22587717
427.41757,-1.0885011,-0.71853554,0.20105422
431.4663,-1.1897038,-0.7383639,0.20105422
435.51505,-1.2916721,-0.7598918,0.20105422
439.56378,-1.39456,-0.78313446,0.20105422
443.61252,-1.498267,-0.8081056,0.20105422
447.66125,-1.6028805,-0.8348203,0.20105422
451.71,-1.7085056,-0.8632954,0.20105422
455.75873,-1.8149712,-0.8935449,0.11487067
457.58636,-1.9119953,-0.9254115,0.11487067
459.414,-2.010341,-0.9589172,0.11487067
461.24164,-2.1098995,-0.9940822,0.11487067
463.06927,-2.2107594,-1.0309283,0.11487067
464.8969,-2.3127842,-1.0694747,0.11487067
466.72455,-2.4158545,-1.109739,0.11487067
468.5522,-2.5198083,-1.1517358,0.11487067
470.37982,-2.6246037,-1.1954792,-0.5392674
462.15445,-2.702437,-1.2405198,-0.5392674
453.92908,-2.7839715,-1.2869192,-0.5392674
445.7037,-2.8691812,-1.334739,-0.5392674
437.47833,-2.9578812,-1.384037,-0.5392674
429.25296,-3.0499666,-1.4348698,-0.5392674
421.0276,-3.1452172,-1.48729,-0.5392674
412.80222,-3.2434535,-1.5413476,-0.5392674
404.57684,-3.3444104,-1.5970879,-0.5392674
396.35147,-3.4478123,-1.6545514,-0.5392674
388.1261,-3.5533452,-1.7137738,-0.5392674
379.90073,-3.6606245,-1.7747842,-0.5663847
371.1326,-3.7700908,-1.8376191,-0.5663847
362.36447,-3.8806925,-1.9022973,-0.5663847
353.59634,-3.9918988,-1.9688289,-0.5663847
344.82822,-4.1032133,-2.0372157,-0.5663847
336.0601,-4.213978,-2.1074486,-0.5663847
327.29196,-4.3236146,-2.179509,-0.5663847
318.52383,-4.4313507,-2.2533648,-0.5663847
309.7557,-4.536561,-2.3289742,-0.5663847
300.98758,-4.6384263,-2.4062815,-0.5663847
292.21945,-4.736077,-2.4852161,-0.5663847
283.45132,-4.8288617,-2.5656972,-0.5663847
274.6832,-4.9158225,-2.6476276,-0.5663847
265.91507,-4.9963036,-2.7308993,0.728919
280.4216,-4.9097905,-2.8127291,0.728919
294.92813,-4.812107,-2.892931,0.728919
309.43466,-4.704132,-2.9713333,0.728919
323.9412,-4.586478,-3.0477746,0.728919
338.44772,-4.459813,-3.122105,0.728919
352.95425,-4.3251324,3.0889947,0.728919
367.4608,-4.183135,3.019276,0.55548155
378.8196,-4.0579205,2.951644,0.55548155
390.17844,-3.9265678,2.8862011,0.55548155
401.53726,-3.7895505,2.823042,0.55548155
412.8961,-3.64777,2.7622457,0.55548155
424.2549,-3.5017338,2.7038834,0.55548155
435.61374,-3.351985,2.648017,0.55548155
446.97256,-3.199324,2.5946949,0.55548155
458.3314,-3.0440745,2.5439603,0.55548155
469.69022,-2.8869226,2.4958448,0.55548155
481.04904,-2.7281616,2.4503756,0.55548155
492.40787,-2.568366,2.4075694,0.55548155
500,-2.428727,2.3670907,0.55548155
500,-2.3283322,2.3282852,-0.5195623
492.1743,-2.2652876,2.2905304,-0.5195623
484.34857,-2.197801,2.2539005,-0.5195623
476.52286,-2.1261482,2.2184646,-0.5195623
468.69714,-2.0506675,2.1842868,-0.5195623
460.87143,-1.9714956,2.1514285,-0.5195623
453.04572,-1.8889714,2.1199455,-0.5195623
445.22,-1.8033427,2.0898898,-0.5195623
437.3943,-1.714936,2.0613074,-0.5195623
429.56857,-1.6238883,2.0342426,-0.5195623
421.74286,-1.5304998,2.0087342,-0.5195623
413.91714,-1.4349979,1.9848176,-0.5195623
406.09143,-1.3375998,1.9625243,-0.5195623
398.26572,-1.2385796,1.9418813,0.34872854
405.5706,-1.0970204,1.9235976,0.34872854
412.87546,-0.95637554,1.907658,0.34872854
420.18033,-0.8166799,1.8940467,0.75336814
435.11713,-0.65970904,1.8830515,0.75336814
450.05392,-0.50428164,1.8746468,0.75336814
464.99072,-0.3502407,1.8688095,0.75336814
479.92752,-0.19733585,1.8655205,0.75336814
494.86432,-0.04540512,1.8647637,0.75336814
500,0.084479846,1.8661717,0.75336814
500,0.20256768,1.8695478,0.75336814
500,0.3199409,1.8748802,-0.11791694
500,0.43654874,1.882156,-0.11791694
500,0.55230844,1.8913611,-0.11791694
500,0.66715086,1.9024802,-0.11791694
500,0.7810025,1.915497,-0.11791694
500,0.89377284,1.9303932,-0.11791694
500,1.0053844,1.9471496,-0.11791694
500,1.1157271,1.9657451,-0.11791694
500,1.2246901,1.9861566,-0.11791694
500,1.3321635,2.0083592,-0.11791694
500,1.4380127,2.032326,-0.11791694
500,1.5421016,2.0580277,-0.11791694
500,1.6442726,2.0854323,-0.11791694
500,1.744384,2.1145053,-0.11791694
500,1.8422592,2.1452096,-0.55842876
491.3903,1.902764,2.1769223,-0.55842876
482.78058,1.9590967,2.209574,-0.55842876
474.17087,2.0111794,2.2430937,-0.55842876
465.56116,2.0588486,2.277408,-0.55842876
456.95145,2.1020422,2.3124418,-0.55842876
448.34174,2.1404812,2.3481164,-0.55842876
439.73203,2.1741157,2.3843517,-0.55842876
431.1223,2.202869,2.4210663,-0.55842876
422.5126,2.2266972,2.4581778,-0.55842876
413.9029,2.2453759,2.4956007,-0.55842876
405.29318,2.258932,2.5332496,-0.55842876
396.68347,2.267307,2.571038,-0.55842876
388.07376,2.2706127,2.6088815,-0.55842876
379.46405,2.2686317,2.646692,-0.40492177
374.07425,2.2826946,2.684737,-0.40492177
368.68445,2.2918785,2.722935,-0.40492177
363.29465,2.2961726,2.7612045,-0.40492177
357.90485,2.295569,2.799464,-0.40492177
352.51505,2.2900624,2.8376317,-0.40492177
347.12524,2.2797086,2.8756268,-0.7464144
334.92416,2.215395,2.91255,-0.7464144
322.72308,2.146229,2.9483204,-0.7464144
310.522,2.072487,2.9828618,-0.7464144
298.32092,1.9944025,3.0161018,-0.7464144
286.11984,1.9122492,3.0479727,-0.7464144
273.91876,1.8263857,3.0784125,-0.7464144
261.71768,1.7368603,3.1073601,0.064973116
261.83597,1.7361773,3.1362965,0.064973116
261.95425,1.7318766,-3.118024,0.064973116
262.07254,1.7240373,-3.0892901,0.064973116
262.19083,1.7126876,-3.0607452,0.064973116
262.3091,1.6978924,-3.032447,0.064973116
262.4274,1.6797059,-3.004452,0.064973116
262.5457,1.6581717,-2.9768157,0.064973116
262.66397,1.6333867,-2.9495926,0.064973116
262.78226,1.6054575,-2.9228349,-0.086574614
262.78226,1.5735976,-2.8966084,-0.086574614
262.78226,1.5387523,-2.8709624,-0.086574614
262.78226,1.5010495,-2.845945,-0.086574614
262.78226,1.4605799,-2.8216019,-0.086574614
262.78226,1.4174802,-2.7979772,-0.086574614
262.78226,1.3718696,-2.7751126,-0.086574614
262.78226,1.3238716,-2.7530482,-0.086574614
262.78226,1.2735904,-2.7318218,-0.086574614
262.78226,1.2211717,-2.711469,-0.086574614
262.78226,1.1667432,-2.6920233,0.53445697
273.7463,1.184341,-2.6722844,0.53445697
284.71036,1.198938,-2.652302,0.53445697
295.6744,1.2106949,-2.6321237,0.53445697
306.63846,1.2193695,-2.611801,0.53445697
317.6025,1.2251898,-2.591381,0.53445697
328.56656,1.227933,-2.5709155,0.53445697
339.5306,1.2278172,-2.5504518,0.53445697
350.49466,1.2246405,-2.530041,0.055964112
350.49466,1.1514429,-2.5108502,0.055964112
350.49466,1.0767118,-2.492905,0.055964112
350.49466,1.0005811,-2.4762285,0.055964112
350.49466,0.9232213,-2.4608414,0.055964112
350.49466,0.84479773,-2.4467614,0.055964112
350.49466,0.76542944,-2.4340043,0.055964112
350.49466,0.68527555,-2.422583,0.055964112
350.49466,0.6044528,-2.412509,-0.35674447
346.2052,0.49917847,-2.4041893,-0.35674447
341.91574,0.39383084,-2.3976254,-0.35674447
-70.20088,0,-0.008726646,0.49591625
-69.19175,-0.22785282,-0.6991681,0.49591625
-68.18262,0.106860355,-0.6973871,0.49591625
-67.173485,0.022636201,-0.6970098,0.49591625
-66.16435,-0.0611178,-0.6980284,0.49591625
-65.15522,-0.14448674,-0.7004365,-0.64219546
-67.31991,-0.2094784,-0.70392776,-0.64219546
-69.4846,-0.27445987,-0.7085021,-0.64219546
-71.649284,-0.3395344,-0.71416104,-0.64219546
-73.81397,-0.4048157,-0.720908,-0.64219546
-75.97866,-0.47041544,-0.72874826,-0.64219546
-78.14335,-0.5364416,-0.73768896,-0.64219546
-80.30804,-0.60299397,-0.74773884,-0.64219546
-82.472725,-0.6701561,-0.7589081,-0.64219546
-84.63741,-0.7380736,-0.7712093,-0.64219546
-86.8021,-0.806823,-0.7846564,-0.64219546
-88.96679,-0.8765021,-0.7992648,-0.64219546
-91.13148,-0.94720167,-0.8150515,-0.64219546
-93.296165,-1.0190147,-0.83203506,-0.64219546
-95.46085,-1.0920299,-0.8502356,-0.7617512
-98.34906,-1.1627489,-0.8696147,-0.7617512
-101.23726,-1.2349204,-0.89019674,-0.13918257
-101.321205,-1.3218442,-0.91222745,-0.13918257
-101.40515,-1.4099481,-0.9357266,-0.13918257
-101.4891,-1.4993005,-0.960715,-0.13918257
-101.573044,-1.5899471,-0.9872141,-0.13918257
-101.65699,-1.6819134,-1.015246,-0.13918257
-101.74094,-1.7752172,-1.044833,-0.45286715
-102.91531,-1.8657702,-1.0759292,-0.45286715
-104.08969,-1.9579033,-1.1085609,-0.45286715
-105.26407,-2.0515842,-1.142754,0.12322807
-105.26407,-2.1504405,-1.1785946,0.12322807
-105.26407,-2.2504659,-1.2161024,0.12322807
-105.26407,-2.3515775,-1.2552953,0.12322807
-105.26407,-2.4536674,-1.2961898,0.12322807
-105.26407,-2.556603,-1.3387998,0.12322807
-105.26407,-2.6602242,-1.3831369,0.12322807
-105.26407,-2.7643478,-1.4292094,-0.88609046
-108.97642,-2.864843,-1.4769567,-0.88609046
-112.68877,-2.9667294,-1.5264022,-0.88609046
-116.401115,-3.0697837,-1.5775653,-0.88609046
-120.113464,-3.1737468,-1.6304611,-0.88609046
-123.82581,-3.278326,-1.6850998,-0.88609046
-127.53816,-3.3831935,-1.7414864,-0.88609046
-131.25052,-3.4879906,-1.7996196,-0.88609046
-134.96288,-3.5923147,-1.8594915,-0.88609046
-138.67523,-3.695736,-1.921087,-0.88609046
-142.38759,-3.7977796,-1.9843833,-0.88609046
-146.09995,-3.8979616,-2.0493493,-0.88609046
-149.8123,-3.9957435,-2.115945,0.29132938
-149.55516,-4.075169,-2.1838646,0.29132938
-149.29802,-4.1495214,-2.2530234,0.29132938
-149.04088,-4.2183213,-2.3233287,0.29132938
-148.78374,-4.281056,-2.3946795,0.29132938
-148.5266,-4.3372474,-2.466967,0.29132938
-148.26945,-4.386434,-2.5400743,0.29132938
-148.01231,-4.428241,-2.6138783,0.29132938
-147.75517,-4.462271,-2.6882493,0.29132938
-147.49803,-4.488211,-2.763053,0.65077007
-145.72691,-4.495251,-2.8379738,0.65077007
-143.9558,-4.493593,-2.912867,0.65077007
-142.18468,-4.4831295,-2.9875858,0.65077007
-140.41356,-4.463872,-3.0619836,0.65077007
-138.64244,-4.435922,-3.1359155,0.65077007
-136.87132,-4.3993487,3.0739472,0.65077007
-135.1002,-4.3543725,3.0013742,0.65077007
-133.32909,-4.301263,2.9296865,0.9715239
-129.57431,-4.2257547,2.8592572,0.9715239
-125.819534,-4.143181,2.7902043,0.9715239
-122.06476,-4.0539727,2.7226381,0.9715239
-118.30998,-3.9585903,2.6566615,0.9715239
-114.55521,-3.85754,2.592369,0.9715239
-110.80043,-3.751329,2.529847,0.9715239
-107.045654,-3.640438,2.469173,0.9715239
-103.29088,-3.525381,2.4104166,0.9715239
-99.5361,-3.4066184,2.3536396,0.9715239
-95.78133,-3.28463,2.2988958,0.9715239
-92.02655,-3.1598718,2.2462313,0.9715239
-88.271774,-3.032754,2.1956854,-0.7524385
-91.10111,-2.9325035,2.1468103,-0.7524385
-93.93045,-2.8284776,2.099669,-0.7524385
-96.75979,-2.7210386,2.0543184,-0.7524385
-99.58913,-2.610553,2.0108092,-0.7524385
-102.418465,-2.497372,1.9691863,-0.7524385
-105.2478,-2.3818195,1.9294893,-0.7524385
-108.07714,-2.2642083,1.8917525,-0.7524385
-110.90648,-2.14482,1.8560054,-0.7524385
-113.73582,-2.0239317,1.8222733,-0.7524385
-116.565155,-1.9017885,1.7905768,-0.7524385
-119.39449,-1.7786196,1.7609332,-0.7524385
-122.22383,-1.6546354,1.7333559,-0.9986583
-126.46088,-1.5317241,1.7078271,-0.9986583
-130.69792,-1.4080774,1.6843591,-0.9986583
-134.93497,-1.2838753,1.6629611,0.105643034
-134.93497,-1.1563538,1.6436886,0.105643034
-134.93497,-1.0292034,1.6265352,0.105643034
-134.93497,-0.902483,1.6114938,0.105643034
-134.93497,-0.77624357,1.5985564,0.105643034
-134.93497,-0.650526,1.5877143,0.105643034
-134.93497,-0.5253625,1.5789583,0.105643034
-134.93497,-0.40077052,1.5722787,0.105643034
-134.93497,-0.27677092,1.5676659,0.105643034
-134.93497,-0.15337338,1.5651097,-0.07057929
-134.93497,-0.030586142,1.5646,-0.07057929
-134.93497,0.0915794,1.5661263,-0.07057929
-134.93497,0.21312377,1.5696784,-0.07057929
-134.93497,0.33403316,1.5752456,-0.07057929
-134.93497,0.45429727,1.5828172,-0.07057929
-134.93497,0.5739022,1.5923822,-0.07057929
-134.93497,0.6928295,1.6039294,-0.07057929
-134.93497,0.81104887,1.6174469,-0.93684256
-139.00339,0.9271063,1.6328987,-0.93684256
-143.07181,1.0419163,1.6502639,-0.93684256
-147.14023,1.155365,1.66952,-0.93684256
-151.20865,1.2673314,1.6906422,-0.93684256
-155.27707,1.3776859,1.7136036,-0.93684256
-159.34549,1.486286,1.7383751,-0.93684256
-163.41391,1.5929744,1.7649246,0.8034669
-160.76074,1.7072892,1.7933794,0.8034669
-158.10757,1.8206965,1.8237244,0.8034669
-155.4544,1.9330708,1.8559422,0.8034669
-152.80124,2.0442698,1.8900135,0.8034669
-150.14807,2.1541276,1.9259156,0.8034669
-147.4949,2.262467,1.9636234,0.8034669
-144.84174,2.3690789,2.003108,0.8034669
-142.18857,2.473743,2.044337,-0.16532564
-142.32721,2.5666857,2.087115,-0.16532564
-142.46585,2.6564555,2.1313894,-0.16532564
-142.60449,2.742769,2.177102,-0.16532564
-142.74313,2.8253558,2.2241914,-0.16532564
-142.88177,2.9039228,2.2725902,-0.16532564
-143.02042,2.9781942,2.3222268,-0.16532564
-143.15906,3.047867,2.3730245,-0.16532564
-143.2977,3.1126626,2.4249022,-0.16532564
-143.43634,3.172313,2.4777741,-0.16532564
-143.57498,3.2265306,2.5315497,-0.16532564
-143.71362,3.2750716,2.5861342,-0.16532564
-143.85226,3.317704,2.6414292,-0.16532564
-143.9909,3.35422,2.6973329,-0.16532564
-144.12955,3.384414,2.7537398,-0.9726631
-148.3666,3.3797493,2.810069,-0.9726631
-152.60364,3.3681345,2.8662047,-0.9726631
-156.84068,3.3496163,2.9220316,-0.9726631
-161.07773,3.3242643,2.977436,-0.9726631
-165.31477,3.2921934,3.032306,-0.9726631
-169.55182,3.253543,3.0865316,-0.9726631
-173.78886,3.2084835,3.1400063,0.5796362
-172.38564,3.1994119,-3.0898554,0.5796362
-170.9824,3.1839297,-3.03679,0.5796362
-169.57918,3.1620867,-2.9840884,0.5796362
-168.17595,3.1340075,-2.931855,0.5796362
-166.77272,3.0998,-2.8801916,0.5796362
-165.36949,3.0596323,-2.8291976,0.5796362
-163.96626,3.0136974,-2.7789693,0.5796362
-162.56303,2.9621732,-2.7295997,0.5796362
-161.1598,2.9052925,-2.681178,0.5796362
-159.75658,2.843302,-2.6337898,0.5796362
-158.35335,2.7764204,-2.587516,0.5796362
-156.95012,2.7049232,-2.542434,0.5796362
-155.54689,2.6290877,-2.4986157,0.78523815
-153.00525,2.5559788,-2.456016,-0.30240196
-153.55316,2.4608858,-2.4150014,-0.30240196
-154.10107,2.362732,-2.3756225,-0.30240196
-154.64899,2.2617884,-2.3379261,-0.30240196
-155.1969,2.1583247,-2.301954,-0.073565364
-155.19702,2.0553393,-2.2676983,-0.073565364
-155.19714,1.9502246,-2.2351944,-0.073565364
-155.19727,1.8432168,-2.2044742,-0.073565364
-155.19739,1.7345495,-2.175565,-0.073565364
-155.19751,1.6244268,-2.1484911,-0.073565364
-155.19763,1.5130695,-2.1232734,-0.43201697
-156.27594,1.3964263,-2.0999997,-0.43201697
-157.35425,1.2791009,-2.0786812,-0.43201697
-158.43256,1.161237,-2.0593274,-0.43201697
-159.51086,1.04299,-2.0419443,-0.43201697
-160.58917,0.9244899,-2.026536,-0.43201697
-161.66748,0.8058638,-2.013105,-0.43201697
-162.74579,0.6872225,-2.0016513,-0.43201697
-163.8241,0.5686719,-1.9921734,-0.43201697
-164.9024,0.45031255,-1.9846683,-0.8944529
-168.67267,0.32413143,-1.979266,-0.8944529
-172.44293,0.19845551,-1.9759585,-0.8944529
-176.2132,0.07332657,-1.9747363,-0.8944529
-179.98346,-0.05120446,-1.9755898,-0.8944529
-183.75372,-0.17509475,-1.978508,-0.8944529
-187.52399,-0.29830155,-1.9834797,-0.8944529
-191.29425,-0.42077315,-1.9904926,-0.8944529
-195.06451,-0.5424627,-1.9995337,0.12973118
-195.06451,-0.65158623,-2.0103934,0.12973118
-195.06451,-0.7595813,-2.0230532,0.12973118
-195.06451,-0.8663459,-2.0374923,0.12973118
-195.06451,-0.97176176,-2.0536883,0.12973118
-195.06451,-1.0757177,-2.071617,0.12973118
-195.06451,-1.1780866,-2.0912516,0.12973118
-195.06451,-1.2787347,-2.1125638,0.12973118
-195.06451,-1.3775263,-2.1355226,0.12973118
-195.06451,-1.4743191,-2.1600945,0.12973118
-195.06451,-1.5689528,-2.1862438,0.12973118
-195.06451,-1.6612694,-2.2139316,0.12973118
-195.06451,-1.7510971,-2.2431166,0.12973118
-195.06451,-1.8382654,-2.2737544,0.12973118
-195.06451,-1.9225888,-2.3057976,-0.58327746
-196.89948,-2.0130944,-2.3393493,-0.58327746
-198.73444,-2.1006536,-2.37436,-0.58327746
-200.5694,-2.1850672,-2.4107778,-0.58327746
-202.40436,-2.2661223,-2.4485464,-0.58327746
-204.23932,-2.3436017,-2.4876065,-0.58327746
-206.07428,-2.4172862,-2.5278947,-0.58327746
-207.90924,-2.4869616,-2.569344,-0.58327746
-209.7442,-2.5524201,-2.6118844,-0.58327746
-211.57916,-2.6134348,-2.6554415,0.7001504
-209.53607,-2.6441505,-2.6995108,0.7001504
-207.49298,-2.66966,-2.7440052,0.7001504
-205.44989,-2.6898558,-2.7888362,0.7001504
-203.4068,-2.7046692,-2.833914,0.7001504
-201.36371,-2.7140512,-2.8791482,0.7001504
-199.32062,-2.7179525,-2.9244475,-0.23289096
-199.63821,-2.7336192,-2.970008,-0.23289096
-199.95581,-2.743822,-3.0157382,-0.23289096
-200.2734,-2.7485242,-3.061547,-0.23289096
-200.591,-2.74771,-3.1073422,-0.23289096
-200.9086,-2.7413898,3.1301532,-0.23289096
-201.2262,-2.7295887,3.08466,-0.23289096
-201.5438,-2.7123656,3.039454,-0.23289096
-201.86139,-2.6897905,2.9946241,-0.23289096
-202.17899,-2.6619556,2.9502583,-0.784141
-205.21037,-2.648906,2.9061098,-0.784141
-208.24176,-2.6304896,2.8622682,-0.784141
-211.27315,-2.6067865,2.8188217,-0.784141
-214.30453,-2.5778983,2.7758567,0.1822964
-214.27898,-2.522589,2.7338135,0.1822964
-214.25342,-2.4628768,2.6927655,0.1822964
-214.22786,-2.3989756,2.6527824,0.1822964
-214.2023,-2.3310983,2.6139307,0.1822964
-214.17674,-2.2594678,2.576273,0.1822964
-214.15118,-2.1843095,2.5398679,-0.2781173
-214.61388,-2.1088622,2.5047202,-0.2781173
-215.07657,-2.0302415,2.470883,-0.2781173
-215.53926,-1.9486704,2.438405,0.5846212
-214.1112,-1.8535827,2.407512,0.5846212
-212.68315,-1.756341,2.3782396,0.5846212
-211.2551,-1.6571643,2.3506203,0.5846212
-209.82704,-1.5562614,2.3246825,0.5846212
-208.39899,-1.4538366,2.3004518,0.5846212
-206.97093,-1.3500806,2.2779505,0.5846212
-205.54288,-1.245175,2.2571976,0.5846212
-204.11482,-1.1392981,2.2382092,0.5846212
-202.68677,-1.032616,2.220999,0.5846212
-201.25871,-0.9252837,2.2055776,0.27796566
-201.03796,-0.82280916,2.191864,0.27796566
-200.81721,-0.7198509,2.1798666,0.27796566
-200.59647,-0.61655253,2.1695907,0.27796566
-200.37572,-0.5130476,2.1610398,0.27796566
-200.15497,-0.40947253,2.1542153,0.27796566
-199.93422,-0.3059537,2.149116,0.27796566
-199.71347,-0.20261282,2.145739,0.27796566
-199.49272,-0.0995736,2.1440794,0.21075225
-199.4231,0.0024341582,2.14412,0.21075225
-199.35347,0.10390876,2.1458519,0.21075225
-199.28384,0.20473412,2.149264,0.21075225
-199.21422,0.3047945,2.154344,0.21075225
-199.14459,0.40397635,2.161077,0.21075225
-199.07497,0.50215816,2.1694462,0.21075225
-199.00534,0.5992201,2.1794333,0.21075225
-198.93571,0.69504243,2.1910174,0.21075225
-198.86609,0.78950393,2.2041757,0.32705653
-198.50287,0.8837778,2.2189054,0.32705653
-198.13965,0.97645414,2.2351797,0.32705653
-197.77643,1.067398,2.2529697,0.32705653
-197.41321,1.1564742,2.2722442,0.32705653
-197.04999,1.2435461,2.29297,0.32705653
-196.68677,1.3284698,2.3151112,0.32705653
-196.32355,1.4110959,2.3386295,0.32705653
-195.96033,1.4912796,2.3634841,0.32705653
-195.5971,1.5688652,2.389632,0.32705653
-195.23389,1.6436974,2.417027,0.32705653
-194.87067,1.7156265,2.4456208,0.32705653
-194.50745,1.7844876,2.4753623,0.32705653
-194.14423,1.8501273,2.5061977,-0.7728401
-197.10306,1.892393,2.5377376,-0.7728401
-200.06189,1.930808,2.5699177,-0.7728401
-203.02072,1.9652736,2.6026723,-0.7728401
-205.97955,1.995701,2.635934,-0.7728401
-208.93839,2.0220065,2.6696343,-0.7728401
-211.89722,2.0441232,2.7037032,-0.7728401
-214.85605,2.0619977,2.7380698,-0.7728401
-217.81488,2.075578,2.7726626,-0.7728401
-220.77371,2.0848355,2.80741,-0.7728401
-223.73254,2.089756,2.8422394,0.88530743
-220.55908,2.1341653,2.8778088,0.88530743
-217.38562,2.174374,2.9140484,0.88530743
-214.21216,2.2102628,2.9508862,0.88530743
-211.0387,2.241733,2.9882486,0.88530743
-207.86523,2.2687027,3.0260603,0.88530743
-204.69177,2.291082,3.064245,0.88530743
-201.51831,2.3088152,3.1027253,0.88530743
-198.34485,2.321862,3.141423,0.80878615
-195.65883,2.3265245,-3.1029868,0.80878615
-192.97281,2.3264823,-3.064212,0.80878615
-190.28679,2.32174,-3.0255165,0.5320879
-189.1128,2.3010857,-2.987165,0.5320879
-187.9388,2.2759533,-2.9492323,0.5320879
-186.7648,2.246421,-2.911792,0.5320879
-185.5908,2.2125998,-2.8749154,0.5320879
-184.41681,2.1746194,-2.8386717,0.5320879
-183.24281,2.1325936,-2.8031285,0.5320879
-182.06882,2.0866704,-2.7683506,0.5320879
-180.89482,2.0370047,-2.7344005,0.5320879
-179.72083,1.9837421,-2.701338,0.5320879
-178.54683,1.9270514,-2.6692204,0.5320879
-177.37283,1.8671063,-2.638102,0.6630217
-175.53548,1.8084152,-2.607962,0.6630217
-173.69812,1.7467177,-2.57885,0.6630217
-171.86076,1.6821787,-2.5508137,0.6630217
-170.0234,1.6149721,-2.5238974,0.6630217
-168.18605,1.5452716,-2.498143,0.6630217
-166.3487,1.4732549,-2.4735887,0.6630217
-164.51134,1.399094,-2.4502704,0.6630217
-162.67398,1.3229628,-2.428221,0.6630217
-160.83662,1.2450241,-2.4074707,0.6630217
-158.99927,1.16546,-2.3880463,0.6630217
-157.16191,1.0844266,-2.3699725,0.20040858
-157.10997,0.992515,-2.3534305,0.20040858
-157.05803,0.8996709,-2.338436,0.20040858
-157.00609,0.806041,-2.325002,0.20040858
-156.95415,0.71178555,-2.313139,0.20040858
-156.9022,0.617048,-2.3028548,0.20040858
-156.85027,0.52196777,-2.2941554,0.90061903
-153.57599,0.44263542,-2.2867782,0.90061903
-150.30171,0.36301732,-2.2807279,-0.7594795
-153.17552,0.25327295,-2.2765067,-0.7594795
-156.04933,0.14382242,-2.2741096,0.74997425
-153.71878,0.059954606,-2.2731104,0.74997425
-151.38823,-0.023543835,-2.2735028,0.74997425
-149.05768,-0.10655555,-2.2752788,0.74997425
-146.72713,-0.18894146,-2.2784278,0.74997425
-144.39658,-0.27058712,-2.2829375,0.74997425
-142.06602,-0.35136044,-2.2887936,0.74997425
-139.73547,-0.4311407,-2.2959793,0.74997425
-137.40492,-0.5098055,-2.304476,-0.15165848
-137.51381,-0.59945667,-2.314467,-0.15165848
-137.6227,-0.68780416,-2.3259304,-0.15165848
-137.73158,-0.7747389,-2.3388426,-0.15165848
-137.84047,-0.8601133,-2.3531778,-0.15165848
-137.94936,-0.9438216,-2.3689082,-0.15165848
-138.05824,-1.0257128,-2.3860035,-0.15165848
-138.16713,-1.1056708,-2.4044313,-0.15165848
-138.27602,-1.1835418,-2.4241571,-0.15165848
-138.3849,-1.2592103,-2.445144,-0.15165848
-138.49379,-1.3325207,-2.4673526,0.22397816
-138.39914,-1.4021556,-2.490722,0.22397816
-138.30449,-1.4691603,-2.515208,0.22397816
-138.20984,-1.5333773,-2.5407643,0.22397816
-138.11519,-1.5946863,-2.5673425,0.22397816
-138.02054,-1.6529589,-2.5948918,0.22397816
-137.92589,-1.7080458,-2.6233592,0.22397816
-137.83124,-1.759829,-2.6526897,0.5458865
-136.59215,-1.8006428,-2.6827004,0.5458865
-135.35306,-1.8378425,-2.7133312,0.5458865
-134.11397,-1.8713406,-2.7445202,0.5458865
-132.87488,-1.9010592,-2.7762046,0.63156724
-131.20592,-1.9239298,-2.80827,0.63156724
-129.53696,-1.942856,-2.8406508,0.63156724
-127.868,-1.9578198,-2.8732812,0.63156724
-126.199036,-1.9687606,-2.9060938,0.63156724
-124.530075,-1.9756876,-2.939022,0.63156724
-122.861115,-1.978572,-2.9719982,0.63156724
-121.192154,-1.9774089,-3.004955,0.63156724
-119.52319,-1.9722377,-3.0378256,0.63156724
-117.85423,-1.9630626,-3.0705433,0.63156724
-116.18527,-1.949947,-3.1030424,-0.3583722
-116.94738,-1.9510918,-3.1355605,-0.3583722
-117.70949,-1.9482849,3.1151533,-0.3583722
-118.471596,-1.9415457,3.0827942,-0.3583722
-119.2337,-1.9309238,3.0506122,-0.3583722
-119.99581,-1.9164348,3.0186715,-0.3583722
-120.75792,-1.8981507,2.9870358,-0.7037631
-123.28638,-1.8892001,2.955549,-0.7037631
-125.814835,-1.8764344,2.9242752,-0.7037631
-128.34329,-1.8599093,2.8932767,-0.7037631
-130.87175,-1.8396741,2.8626153,-0.7037631
-133.4002,-1.8158252,2.8323517,-0.7037631
-135.92867,-1.7884355,2.8025444,-0.7037631
-138.45712,-1.7575923,2.773251,-0.14624673
-138.55492,-1.7064264,2.7448106,-0.14624673
-138.65271,-1.6523378,2.7172716,-0.14624673
-138.7505,-1.5954505,2.6906807,-0.14624673
-138.8483,-1.5359386,2.6650817,-0.14624673
-138.94609,-1.4739351,2.640516,-0.14624673
-139.04388,-1.4096191,2.6170223,-0.14624673
-139.14168,-1.34312,2.594637,-0.14624673
-139.23947,-1.2746146,2.5733933,-0.14624673
-139.33727,-1.2042705,2.553322,-0.14624673
-139.43506,-1.1322156,2.5344517,-0.14624673
-139.53285,-1.0586262,2.516808,-0.14624673
-139.63065,-0.98363364,2.5004141,-0.14624673
-139.72844,-0.9074009,2.4852908,-0.14624673
-139.82623,-0.8300854,2.471456,0.25420952
-139.66533,-0.7503013,2.458951,0.25420952
-139.50443,-0.6697373,2.4477887,0.25420952
-139.34352,-0.5885345,2.4379797,0.25420952
-139.18262,-0.5068365,2.4295325,0.25420952
-139.02171,-0.4247762,2.422453,0.25420952
-138.86081,-0.34249783,2.4167447,0.25420952
-138.6999,-0.26011094,2.4124095,0.9768574
-134.9081,-0.15750243,2.4097846,0.9768574
-131.11629,-0.05521024,2.4088645,0.9768574
-127.32447,0.04663993,2.4096417,0.9768574
-123.53265,0.1479269,2.4121072,0.9768574
-119.74084,0.24852626,2.4162493,0.9768574
-115.94902,0.34830803,2.4220543,0.9768574
-112.1572,0.44716603,2.429507,0.9768574
-108.36539,0.5449654,2.4385898,0.9768574
-104.57357,0.64158076,2.449283,0.9768574
-100.78175,0.7368837,2.4615643,0.9768574
-96.98994,0.83074385,2.47541,0.9768574
-93.19812,0.92301613,2.4907937,0.9768574
-89.4063,1.0135869,2.5076869,0.5373732
-88.20751,1.0866742,2.525798,0.5373732
-87.00872,1.1576467,2.545092,0.5373732
-85.80993,1.2263666,2.5655315,0.5373732
-84.61114,1.2927258,2.587077,0.5373732
-83.412346,1.356584,2.6096866,0.5373732
-82.213554,1.417805,2.6333168,0.5373732
-81.01476,1.4762857,2.6579216,0.5373732
-79.81597,1.531895,2.683453,0.5373732
-78.61718,1.5845082,2.7098615,0.5373732
-77.41839,1.6339992,2.7370949,0.47672486
-76.49323,1.6783941,2.765068,0.47672486
-75.56808,1.7194632,2.7937257,0.47672486
-74.64292,1.7570859,2.8230104,0.47672486
-73.717766,1.7911856,2.8528636,0.47672486
-72.79261,1.8216959,2.8832252,0.47672486
-71.867455,1.8485181,2.914034,0.47672486
-70.9423,1.8716013,2.9452271,0.47672486
-70.01714,1.8908921,2.976742,0.47672486
-69.09199,1.9063603,3.0085146,0.47672486
-68.16683,1.9179462,3.0404804,0.47672486
-67.24168,1.9256415,3.0725744,0.73728824
-64.98553,1.9393706,3.1048973,0.73728824
-62.729378,1.9491475,3.137383,-0.33845377
-63.412533,1.9329697,-3.1135862,-0.33845377
-64.09569,1.9129778,-3.0817032,-0.33845377
-64.77884,1.8892488,-3.0502157,0.48729122
-63.807755,1.8741785,-3.0189793,0.48729122
-62.83667,1.8554242,-2.9880555,0.48729122
-61.865585,1.8330277,-2.957505,0.48729122
-60.8945,1.8070805,-2.927387,0.48729122
-59.923416,1.7776804,-2.897759,0.48729122
-58.95233,1.7448937,-2.8686774,0.48729122
-57.981247,1.7088505,-2.8401966,0.48729122
-57.010162,1.6696333,-2.8123693,0.48729122
-56.039078,1.6273751,-2.7852464,0.48729122
-55.067993,1.5822086,-2.7588763,0.48729122
-54.09691,1.5342367,-2.7333057,-0.88549316
-57.805138,1.4514816,-2.7091143,-0.88549316
-61.513367,1.3667377,-2.6863353,-0.88549316
-65.221596,1.2802167,-2.6649983,-0.88549316
-68.929825,1.1920844,-2.6451302,-0.88549316
-72.638054,1.1025178,-2.6267548,-0.88549316
-76.34628,1.0116864,-2.6098933,-0.88549316
-80.05451,0.91975677,-2.594564,-0.88549316
-83.76274,0.8268864,-2.5807824,-0.88549316
-87.47097,0.7332577,-2.5685616,-0.88549316
-91.1792,0.63901013,-2.5579114,-0.88549316
-94.88743,0.5442929,-2.5488398,-0.88549316
-98.59566,0.44925463,-2.5413523,-0.88549316
-102.30389,0.3540277,-2.535452,-0.44200653
-103.42787,0.27467087,-2.530874,-0.44200653
-104.55186,0.19526802,-2.5276196,-0.44200653
-105.67584,0.11596116,-2.525687,-0.44200653
-106.79983,0.036873884,-2.5250723,-0.44200653
-107.92381,-0.041867726,-2.5257702,-0.44200653
-109.0478,-0.12013956,-2.5277724,-0.44200653
-110.17178,-0.19780627,-2.5310693,-0.44200653
-111.29577,-0.27476746,-2.5356488,-0.44200653
-112.419754,-0.35089368,-2.541497,-0.44200653
-113.54374,-0.42606598,-2.548598,-0.44200653
-114.667725,-0.5001597,-2.556934,-0.44200653
-115.79171,-0.5730611,-2.5664852,-0.44200653
-116.915695,-0.64464617,-2.5772293,0.55652976
-115.625595,-0.6995213,-2.588888,0.55652976
-114.335495,-0.7528453,-2.6014354,0.55652976
-113.045395,-0.80449665,-2.6148436,0.55652976
-111.755295,-0.85437864,-2.6290832,0.55652976
-110.465195,-0.9023814,-2.6441228,0.55652976
-109.175095,-0.9484595,-2.6599305,0.55652976
-107.884995,-0.9924925,-2.676472,0.55652976
-106.594894,-1.0344092,-2.693712,0.55652976
-105.304794,-1.0740961,-2.7116137,0.55652976
-104.014694,-1.1115258,-2.730139,0.55652976
-102.724594,-1.1466053,-2.7492492,0.55652976
-101.434494,-1.1792359,-2.7689033,0.55652976
-100.144394,-1.2094086,-2.78906,-0.9089399
-104.015686,-1.2732602,-2.810281,-0.9089399
-107.88698,-1.3345641,-2.8325238,-0.9089399
-111.75827,-1.3931862,-2.8557436,-0.9089399
-115.62956,-1.449037,-2.8798943,-0.9089399
-119.500854,-1.5019431,-2.9049265,-0.9089399
-123.37215,-1.5518186,-2.9307902,-0.9089399
-116.96662,0,-0.008726646,0.6742151
-110.87513,0.18190432,0.119869895,-0.88666445
-117.76042,1.2286652,0.14034764,0.95067203
-109.38976,1.1783389,0.15998663,0.95067203
-101.019104,1.13075,0.17883247,0.95067203
-92.648445,1.0858134,0.19692937,0.95067203
-84.27779,1.0434254,0.2143198,0.95067203
-75.90713,1.0035226,0.23104517,0.95067203
-67.53647,0.965954,0.2471444,0.95067203
-59.16581,0.9306525,0.2626553,0.95067203
-50.79515,0.8975292,0.27761412,-0.50521183
-54.38929,0.95261157,0.29349098,-0.50521183
-57.98343,1.0091422,0.31031,-0.50521183
-61.577568,1.0672387,0.3280973,-0.50521183
-65.17171,1.1269294,0.34687948,-0.50521183
-68.76585,1.1883376,0.36668512,-0.50521183
-72.359985,1.2514787,0.3875431,-0.50521183
-75.954124,1.3164803,0.40948445,-0.50521183
-79.54826,1.3833528,0.4325403,-0.50521183
-83.1424,1.4521867,0.45674345,0.944396
-74.77174,1.4427278,0.4807889,-0.9430339
-82.140564,1.5409253,0.506471,-0.9430339
-89.509384,1.6406928,0.53381586,-0.9430339
-96.878204,1.7420678,0.56285036,-0.9430339
-104.247025,1.8450787,0.59360164,-0.9430339
-111.615845,1.9497565,0.62609756,-0.9430339
-118.984665,2.056037,0.66036487,-0.9430339
-126.353485,2.1639097,0.69643,-0.9430339
-133.7223,2.2733188,0.7343187,-0.9430339
-141.09113,2.3841786,0.774055,-0.9430339
-148.45995,2.49638,0.8156613,0.19523597
-146.52318,2.5620832,0.8583627,0.19523597
-144.58641,2.6312573,0.902217,0.19523597
-142.64964,2.7038443,0.94728106,0.19523597
-140.71288,2.7797492,0.9936102,0.19523597
-138.77611,2.8588488,1.0412577,0.19523597
-136.83934,2.941013,1.0902746,0.19523597
-134.90257,3.0260751,1.1407092,0.19523597
-132.9658,3.1138704,1.192607,0.19523597
-131.02904,3.204155,1.2460096,0.19523597
-129.09227,3.2967095,1.3009547,0.19523597
-127.15551,3.3912559,1.3574756,0.19523597
-125.21875,3.487488,1.4156004,-0.18110174
-125.96866,3.5881746,1.4754033,-0.18110174
-126.71857,3.6886158,1.5368803,-0.18110174
-127.468475,3.78836,1.6000196,-0.18110174
-128.21838,3.8869317,1.6648017,-0.18110174
-128.96829,3.9838202,1.7311987,-0.18110174
-129.7182,4.078481,1.7991734,-0.18110174
-130.46811,4.1703568,1.8686793,-0.18110174
-131.21802,4.258853,1.9396602,-0.18110174
-131.96793,4.343377,2.01205,-0.18110174
-132.71783,4.4233265,2.085772,-0.18110174
-133.46774,4.498093,2.1607404,-0.18110174
-134.21765,4.5670934,2.2368586,-0.18110174
-134.96756,4.62972,2.3140206,-0.18110174
-135.71747,4.68543,2.392111,-0.18196726
-136.47511,4.733665,2.4710054,-0.18196726
-137.23276,4.773984,2.550572,-0.18196726
-137.9904,4.805961,2.6306713,-0.18196726
-138.74805,4.829267,2.711159,-0.18196726
-139.50569,4.8435535,2.791885,-0.18196726
-140.26334,4.848619,2.8726952,-0.18196726
-141.02098,4.844321,2.953434,-0.18196726
-141.77863,4.8305902,3.033944,-0.18196726
-142.53627,4.807438,3.1140678,-0.18196726
-143.29391,4.7749577,-3.0895348,-0.18196726
-144.05156,4.7333283,-3.0106459,0.54181135
-139.10106,4.725089,-2.9318943,0.54181135
-134.15056,4.707112,-2.8534424,0.54181135
-129.20006,4.6794662,-2.7754514,0.54181135
-124.249565,4.642301,-2.6980798,0.54181135
-119.29907,4.595874,-2.621482,0.54181135
-114.34858,4.540456,-2.5458076,0.33812785
-111.16317,4.465494,-2.4713826,0.33812785
-107.97776,4.3830366,-2.398332,0.33812785
-104.79235,4.2935643,-2.3267727,0.33812785
-101.60694,4.197618,-2.2568123,0.33812785
-98.42153,4.0957227,-2.1885502,0.33812785
-95.23612,3.9884148,-2.1220767,-0.16735262
-95.86304,3.8613126,-2.0577216,-0.16735262
-96.48995,3.731631,-1.9955277,0.057613134
-95.77063,3.604024,-1.9354607,0.057613134
-95.05131,3.4742334,-1.8775568,0.057613134
-94.331985,3.3427129,-1.8218449,0.057613134
-93.61266,3.209884,-1.7683469,0.057613134
-92.89334,3.0761418,-1.7170779,-0.9201887
-100.06627,2.933237,-1.6681906,-0.9201887
-107.2392,2.7930248,-1.6216402,-0.9201887
-114.412125,2.6556504,-1.5773793,-0.9201887
-121.58505,2.5212176,-1.535359,-0.9201887
-128.75798,2.389797,-1.495529,0.31462312
-125.77725,2.2557223,-1.4579337,-0.6569843
-130.6855,2.1285458,-1.4224579,-0.6569843
-135.59375,2.0038328,-1.3890607,0.3789004
-132.05385,1.8701701,-1.3578912,0.3789004
-128.51395,1.7370749,-1.3289399,0.3789004
-124.97405,1.6046463,-1.3021958,0.3789004
-121.43416,1.4729705,-1.2776463,0.3789004
-117.894264,1.3421019,-1.255278,0.3789004
-114.35437,1.2120861,-1.2350765,0.029413462
-113.88801,1.0905159,-1.2169013,0.029413462
-113.421646,0.97019124,-1.2007314,0.029413462
-112.955284,0.8510772,-1.1865468,0.029413462
-112.48892,0.73310316,-1.1743284,0.029413462
-112.02256,0.61621255,-1.1640582,0.029413462
-111.5562,0.5003394,-1.1557192,0.029413462
-111.089836,0.3853965,-1.1492959,0.029413462
-110.623474,0.27131096,-1.1447741,0.029413462
-110.15711,0.1579972,-1.1421407,0.029413462
-109.69075,0.045370582,-1.1413846,0.029413462
-109.22439,-0.066660695,-1.1424956,0.029413462
-108.758026,-0.17817873,-1.1454653,0.029413462
-108.291664,-0.2892661,-1.1502863,0.029413462
-107.8253,-0.40001297,-1.1569532,-0.84206814
-114.32762,-0.4895285,-1.165112,-0.84206814
-120.82994,-0.57930714,-1.1747671,-0.84206814
-127.33226,-0.66947556,-1.185925,-0.84206814
-133.83458,-0.76015687,-1.1985943,-0.84206814
-140.3369,-0.85147864,-1.2127856,-0.84206814
-146.83922,-0.94354856,-1.2285115,-0.84206814
-153.34154,-1.0364813,-1.2457862,-0.84206814
-159.84386,-1.1303749,-1.2646258,-0.84206814
-166.34618,-1.2253306,-1.285048,-0.84206814
-172.8485,-1.321436,-1.3070719,-0.84206814
-179.35081,-1.4187663,-1.330718,-0.84206814
-185.85313,-1.5173876,-1.3560078,-0.84206814
-192.35545,-1.6173629,-1.3829639,-0.84206814
-198.85777,-1.7187304,-1.4116094,-0.7865777
-204.883,-1.8220845,-1.4419775,-0.7865777
-210.90822,-1.9267586,-1.4740901,-0.7865777
-216.93344,-2.0327413,-1.5079691,-0.7865777
-222.95866,-2.1400018,-1.5436358,-0.7865777
-228.98389,-2.2484858,-1.5811106,-0.7865777
-235.00911,-2.3581123,-1.6204125,-0.7865777
-241.03433,-2.46878,-1.6615589,-0.7865777
-247.05956,-2.5803509,-1.7045647,-0.7865777
-253.08478,-2.6926668,-1.7494425,-0.7865777
-259.11,-2.8055303,-1.7962013,-0.7865777
-265.1352,-2.9187112,-1.8448465,0.32354116
-262.07678,-3.0135639,-1.8950726,0.32354116
-259.01837,-3.1050363,-1.9468232,0.32354116
-255.95996,-3.1927698,-2.000036,0.32354116
-252.90155,-3.2764163,-2.054643,0.32354116
-249.84314,-3.3555999,-2.1105695,0.32354116
-246.78473,-3.4299455,-2.1677353,0.32354116
-243.72632,-3.499107,-2.2260537,0.32354116
-240.66791,-3.5627134,-2.2854323,0.32354116
-237.6095,-3.6204169,-2.3457727,0.32354116
-234.55109,-3.6719015,-2.4069712,0.32354116
-231.49268,-3.7168531,-2.4689188,0.32354116
-228.43427,-3.7549965,-2.531502,-0.32969087
-230.4973,-3.8174715,-2.5951266,-0.32969087
-232.56033,-3.8736935,-2.6596882,-0.32969087
-234.62337,-3.923294,-2.7250764,-0.32969087
-236.6864,-3.9659407,-2.7911754,-0.32969087
-238.74944,-4.0013633,-2.8578649,-0.694649
-243.98274,-4.0520635,-2.9253993,-0.694649
-249.21605,-4.0952015,-2.9936526,-0.694649
-254.44936,-4.1304708,-3.0624938,-0.694649
-259.68268,-4.1576037,-3.1317873,-0.694649
-264.916,-4.1763916,3.0817914,0.4413265
-260.83453,-4.117094,3.013173,0.4413265
-256.75308,-4.0504284,2.945666,0.4413265
-252.67165,-3.9767458,2.879387,0.4413265
-248.59021,-3.8964136,2.8144467,0.4413265
-244.50877,-3.8098378,2.7509494,0.4413265
-240.42734,-3.717431,2.6889923,-0.95341
-247.8851,-3.6972673,2.627371,-0.95341
-255.34286,-3.6689034,2.5662227,-0.95341
-262.80063,-3.632521,2.5056806,-0.95341
-270.2584,-3.5883205,2.4458752,-0.95341
-277.71616,-3.5365548,2.3869326,-0.95341
-285.17392,-3.4775047,2.3289742,-0.95341
-292.63168,-3.4114845,2.2721162,-0.95341
-300.08945,-3.3388295,2.216469,-0.95341
-307.5472,-3.2599037,2.1621373,-0.95341
-315.00497,-3.1750689,2.1092196,-0.95341
-322.46274,-3.0847228,2.0578074,-0.79863614
-328.59167,-2.9845834,2.0080643,-0.6434806
-333.38327,-2.875952,1.9601318,-0.6434806
-338.17487,-2.7639148,1.9140666,-0.6434806
-342.96646,-2.648834,1.8699193,-0.6434806
-347.35202,-2.5301588,1.82775,-0.9833345
-347.35202,-2.4009075,1.7877349,-0.9833345
-347.35202,-2.27106,1.7498839,-0.9833345
-347.35202,-2.1408336,1.7142034,0.9007151
-339.3172,-2.0018375,1.6808394,0.9007151
-331.28238,-1.8648729,1.6497582,0.9007151
-323.24756,-1.7299515,1.6209257,0.9007151
-315.21274,-1.5970588,1.594308,0.9007151
-307.1779
