episode_id,step,cart_velocity,pole_angular_velocity,pole_angle,motor_command
0,0,21.142105,0,-0.008726646,0.45248652
0,1,25.99088,0.34896708,0.4288364,0.45248652
0,2,30.839653,-0.55182946,0.41963926,0.45248652
0,3,35.688427,-0.53249174,0.4107644,0.45248652
0,4,40.5372,-0.51444584,0.40219033,0.45248652
0,5,45.385975,-0.49764338,0.39389628,0.45248652
0,6,50.23475,-0.4820396,0.3858623,0.45248652
0,7,55.083523,-0.46760115,0.37806895,0.45248652
0,8,59.932297,-0.45432347,0.3704969,0.45248652
0,9,64.78107,-0.44210923,0.36312842,0.45248652
0,10,69.62984,-0.4309623,0.3559457,0.45248652
0,11,74.47861,-0.42084375,0.34893164,0.45248652
0,12,79.32738,-0.41173854,0.34206933,0.1177696
0,13,80.306206,-0.37632883,0.3357972,0.1177696
0,14,81.285034,-0.34186572,0.33009943,0.1177696
0,15,82.26386,-0.30830184,0.32496107,0.1177696
0,16,83.24269,-0.2755169,0.32036915,0.1177696
0,17,84.22152,-0.24347113,0.3163113,0.1177696
0,18,85.20035,-0.21209319,0.31277642,0.1177696
0,19,86.17918,-0.18134013,0.30975407,0.1177696
0,20,87.158005,-0.15110007,0.30723578,0.1177696
0,21,88.13683,-0.12133282,0.30521357,0.1177696
0,22,89.11566,-0.09200809,0.3036801,0.1177696
0,23,90.09449,-0.063008696,0.30262995,0.1177696
0,24,91.07332,-0.034306526,0.3020582,0.1177696
0,25,92.05215,-0.0058376645,0.3019609,-0.115644276
0,26,92.05215,0.029434603,0.30245146,-0.115644276
0,27,92.05215,0.06457508,0.30352768,-0.115644276
0,28,92.05215,0.099652015,0.30518854,-0.115644276
0,29,92.05215,0.13472882,0.30743402,-0.115644276
0,30,92.05215,0.16987802,0.31026536,-0.115644276
0,31,92.05215,0.20516796,0.31368482,-0.115644276
0,32,92.05215,0.2406652,0.31769592,-0.115644276
0,33,92.05215,0.27643168,0.32230312,-0.115644276
0,34,92.05215,0.31253925,0.32751212,-0.115644276
0,35,92.05215,0.349055,0.3333297,-0.115644276
0,36,92.05215,0.38604543,0.3397638,-0.115644276
0,37,92.05215,0.42358276,0.3468235,-0.115644276
0,38,92.05215,0.46172148,0.35451886,-0.115644276
0,39,92.05215,0.5005401,0.3628612,-0.45259106
0,40,89.07007,0.5609557,0.37221044,-0.45259106
0,41,86.08799,0.6220638,0.38257816,-0.45259106
0,42,83.10591,0.683991,0.39397803,-0.45259106
0,43,80.12383,0.74677986,0.40642437,-0.45259106
0,44,77.141754,0.81055146,0.41993356,-0.06537062
0,45,77.141754,0.85503256,0.4341841,-0.06537062
0,46,77.141754,0.9008592,0.44919842,-0.06537062
0,47,77.141754,0.94809383,0.46499997,-0.06537062
0,48,77.141754,0.99680066,0.4816133,-0.06537062
0,49,77.141754,1.0470451,0.49906406,-0.06537062
0,50,77.141754,1.0988984,0.51737905,-0.06537062
0,51,77.141754,1.1524242,0.53658617,-0.06537062
0,52,77.141754,1.2076834,0.55671424,-0.06537062
0,53,77.141754,1.2647412,0.57779324,-0.060976267
0,54,77.141754,1.3236524,0.5998541,-0.060976267
0,55,77.141754,1.3844799,0.6229288,-0.060976267
0,56,77.141754,1.4472786,0.6470501,-0.060976267
0,57,77.141754,1.5120995,0.67225176,-0.060976267
0,58,77.141754,1.5789878,0.6985682,-0.060976267
0,59,77.141754,1.6479881,0.7260347,-0.060976267
0,60,77.141754,1.719133,0.7546869,-0.060976267
0,61,77.141754,1.7924601,0.7845612,-0.060976267
0,62,77.141754,1.8679955,0.81569445,-0.060976267
0,63,77.141754,1.9457428,0.84812343,-0.060976267
0,64,77.141754,2.0257068,0.88188523,-0.060976267
0,65,77.141754,2.1078787,0.91701657,-0.060976267
0,66,77.141754,2.1922457,0.953554,-0.060976267
0,67,77.141754,2.278763,0.99153334,-0.939266
0,68,69.28872,2.399547,1.0315259,-0.939266
0,69,61.43568,2.5201988,1.0735291,-0.939266
0,70,53.58264,2.6405194,1.1175377,-0.939266
0,71,45.729603,2.760271,1.1635423,-0.939266
0,72,37.876564,2.8791482,1.2115281,-0.939266
0,73,30.023525,2.9968507,1.2614756,-0.939266
0,74,22.170486,3.1130097,1.313359,-0.939266
0,75,14.317448,3.227243,1.3671464,-0.939266
0,76,6.4644094,3.3391387,1.4227986,-0.939266
0,77,-1.388629,3.4482353,1.4802692,-0.939266
0,78,-9.241667,3.5540597,1.5395036,-0.939266
0,79,-17.094706,3.6561043,1.6004386,-0.939266
0,80,-24.947744,3.7538474,1.6630027,0.99069417
0,81,-15.761125,3.8584895,1.7273109,0.99069417
0,82,-6.574505,3.9657805,1.7934072,0.99069417
0,83,2.612115,4.0752172,1.8613275,0.99069417
0,84,11.798735,4.186259,1.9310985,0.99069417
0,85,20.985355,4.298292,2.0027366,0.99069417
0,86,30.171974,4.410672,2.0762477,0.99069417
0,87,39.358593,4.5226774,2.1516256,0.99069417
0,88,48.54521,4.6335173,2.2288508,0.99069417
0,89,57.73183,4.742419,2.3078911,0.99069417
0,90,66.91845,4.84848,2.388699,-0.3708164
0,91,64.9012,4.8896766,2.4701936,-0.3708164
0,92,62.88395,4.922582,2.5522366,-0.3708164
0,93,60.8667,4.9467487,2.6346824,-0.3708164
0,94,58.84945,4.961857,2.71738,-0.3708164
0,95,56.8322,4.96764,2.800174,-0.3708164
0,96,54.81495,4.963911,2.882906,-0.3708164
0,97,52.7977,4.9505734,2.9654155,-0.3708164
0,98,50.78045,4.927608,3.0475423,-0.3708164
0,99,48.7632,4.8951163,3.1291275,-0.3708164
0,100,46.74595,4.853196,-3.0731711,-0.3708164
0,101,44.7287,4.8021035,-2.9931362,-0.3708164
0,102,42.71145,4.742151,-2.9141004,0.6961036
0,103,49.92976,4.741016,-2.8350835,0.6961036
0,104,57.14807,4.7294903,-2.7562587,0.6961036
0,105,64.36639,4.707627,-2.6777983,0.6961036
0,106,71.5847,4.6755548,-2.5998724,0.6961036
0,107,78.80302,4.6334887,-2.5226476,0.6961036
0,108,86.02133,4.5817432,-2.4462852,0.6961036
0,109,93.23965,4.5206184,-2.3709416,0.6961036
0,110,100.45796,4.4505525,-2.2967658,0.6961036
0,111,107.67628,4.372001,-2.2238991,0.6961036
0,112,114.89459,4.2854686,-2.1524746,0.6961036
0,113,122.11291,4.191481,-2.0826166,0.6961036
0,114,129.33122,4.0905995,-2.0144398,0.6961036
0,115,136.54953,3.9833937,-1.9480499,0.6961036
0,116,143.76784,3.8704379,-1.8835427,-0.9347496
0,117,135.95624,3.7177107,-1.8215808,-0.9347496
0,118,128.14464,3.5674086,-1.762124,-0.9347496
0,119,120.33304,3.4198575,-1.7051263,-0.9347496
0,120,112.52144,3.2753222,-1.6505376,-0.9347496
0,121,104.70984,3.1340263,-1.5983038,-0.9347496
0,122,96.89824,2.9961457,-1.548368,-0.9347496
0,123,89.08664,2.8618224,-1.5006709,-0.9347496
0,124,81.27504,2.7311566,-1.4551517,-0.9347496
0,125,73.46344,2.604228,-1.4117479,-0.9347496
0,126,65.65184,2.4810698,-1.3703967,0.052568316
0,127,65.65184,2.3500695,-1.3312289,0.052568316
0,128,65.65184,2.2206628,-1.2942178,0.052568316
0,129,65.65184,2.092944,-1.2593354,0.052568316
0,130,65.65184,1.9669834,-1.2265524,0.052568316
0,131,65.65184,1.8428268,-1.1958386,0.052568316
0,132,65.65184,1.7204915,-1.1671637,0.052568316
0,133,65.65184,1.5999881,-1.1404972,0.052568316
0,134,65.65184,1.4812938,-1.115809,0.052568316
0,135,65.65184,1.3643833,-1.0930692,0.052568316
0,136,65.65184,1.2492108,-1.072249,0.052568316
0,137,65.65184,1.1357183,-1.0533204,0.052568316
0,138,65.65184,1.0238405,-1.0362564,0.052568316
0,139,65.65184,0.9134972,-1.0210315,0.052568316
0,140,65.65184,0.8046033,-1.0076214,0.37524056
0,141,69.69804,0.68090534,-0.996273,0.37524056
0,142,73.74423,0.5582213,-0.9869693,0.37524056
0,143,77.79043,0.43647778,-0.9796947,0.37524056
0,144,81.836624,0.31560126,-0.9744347,0.37524056
0,145,85.88282,0.19551893,-0.971176,0.37524056
0,146,89.929016,0.07614219,-0.969907,0.37524056
0,147,93.97521,-0.042591844,-0.9706169,0.37524056
0,148,98.02141,-0.16079733,-0.9732968,-0.8377801
0,149,91.111855,-0.23243815,-0.97717077,-0.8377801
0,150,84.2023,-0.30407417,-0.98223865,-0.8377801
0,151,77.29275,-0.37585086,-0.98850286,-0.09334564
0,152,77.29275,-0.47632524,-0.9964416,-0.09334564
0,153,77.29275,-0.5767814,-1.0060546,-0.09334564
0,154,77.29275,-0.67732406,-1.0173434,-0.09334564
0,155,77.29275,-0.77803487,-1.0303106,-0.09334564
0,156,77.29275,-0.8790005,-1.0449606,0.9770876
0,157,86.47937,-1.0148057,-1.061874,0.9770876
0,158,95.66599,-1.1498771,-1.0810386,0.9770876
0,159,104.852615,-1.2841886,-1.1024418,0.9770876
0,160,114.03924,-1.4176333,-1.1260691,0.9770876
0,161,123.22586,-1.5501391,-1.1519047,0.9770876
0,162,132.41248,-1.6815612,-1.1799307,0.9770876
0,163,141.59909,-1.8117771,-1.210127,0.9770876
0,164,150.7857,-1.9406093,-1.2424705,0.9770876
0,165,159.97232,-2.0678558,-1.2769347,0.5259272
0,166,165.55783,-2.1855063,-1.3133599,-0.23799098
0,167,165.51825,-2.2913985,-1.3515499,-0.23799098
0,168,165.47867,-2.3976533,-1.3915107,-0.23799098
0,169,165.43909,-2.5041308,-1.4332463,-0.23799098
0,170,165.3995,-2.610656,-1.4767572,-0.23799098
0,171,165.35992,-2.7170277,-1.522041,0.9149103
0,172,174.54654,-2.8263843,-1.5691473,0.9149103
0,173,183.73315,-2.931824,-1.6180111,0.9149103
0,174,192.91977,-3.0329566,-1.6685604,0.9149103
0,175,202.10638,-3.129377,-1.7207167,0.9149103
0,176,211.293,-3.2206738,-1.7743946,0.9149103
0,177,220.47961,-3.3064291,-1.8295017,0.9149103
0,178,229.66623,-3.3862352,-1.885939,0.9149103
0,179,238.85284,-3.4596705,-1.9436002,0.43194497
0,180,243.49124,-3.5387564,-2.0025795,0.43194497
0,181,248.12964,-3.612431,-2.0627866,-0.45309705
0,182,245.14182,-3.7072585,-2.1245742,-0.45309705
0,183,242.15399,-3.7986755,-2.1878855,-0.45309705
0,184,239.16617,-3.8862035,-2.2526555,-0.45309705
0,185,236.17834,-3.9693453,-2.3188112,-0.45309705
0,186,233.19052,-4.0475736,-2.3862708,-0.45309705
0,187,230.2027,-4.120438,-2.4549446,-0.45309705
0,188,227.21487,-4.187424,-2.524735,-0.45309705
0,189,224.22705,-4.248061,-2.595536,-0.45309705
0,190,221.23923,-4.3019013,-2.6672344,-0.45309705
0,191,218.2514,-4.348523,-2.7397099,-0.45309705
0,192,215.26358,-4.387545,-2.8128357,-0.45309705
0,193,212.27576,-4.418629,-2.8864796,-0.45309705
0,194,209.28793,-4.441459,-2.960504,0.5895312
0,195,215.49458,-4.388221,-3.033641,0.5895312
0,196,221.70123,-4.326426,-3.1057482,0.5895312
0,197,227.90788,-4.2564483,3.1064963,0.5895312
0,198,234.11453,-4.1786785,3.0368516,0.5895312
0,199,240.32118,-4.093542,2.968626,-0.085582435
0,200,240.32118,-4.047239,2.9011722,-0.085582435
0,201,240.32118,-3.993362,2.8346162,-0.085582435
0,202,240.32118,-3.932207,2.7690794,-0.55737054
0,203,236.19502,-3.8928592,2.7041984,-0.55737054
0,204,232.06886,-3.8458312,2.6401012,-0.55737054
0,205,227.9427,-3.7913616,2.576912,-0.55737054
0,206,223.81654,-3.7298057,2.5147486,-0.55737054
0,207,219.69038,-3.6614656,2.4537241,-0.55737054
0,208,215.56422,-3.586705,2.3939457,0.43745363
0,209,220.25923,-3.457505,2.3363206,0.43745363
0,210,224.95424,-3.3257663,2.2808912,0.43745363
0,211,229.64925,-3.1919763,2.2276917,0.43745363
0,212,234.34425,-3.05653,2.1767495,0.43745363
0,213,239.03926,-2.919815,2.1280859,0.43745363
0,214,243.73427,-2.7821822,2.081716,0.43745363
0,215,248.42928,-2.643946,2.0376503,0.43745363
0,216,253.12428,-2.5054142,1.9958935,0.43745363
0,217,257.8193,-2.3667877,1.956447,-0.024063885
0,218,257.8193,-2.2415526,1.9190878,-0.024063885
0,219,257.8193,-2.115374,1.8838315,-0.024063885
0,220,257.8193,-1.988481,1.8506901,0.75638294
0,221,265.59607,-1.845006,1.81994,0.75638294
0,222,273.37283,-1.7030256,1.7915562,0.75638294
0,223,281.1496,-1.5625855,1.7655132,0.75638294
0,224,281.50635,-1.4344094,1.7416064,0.75638294
0,225,281.50635,-1.306872,1.7198251,0.75638294
0,226,281.50635,-1.1795479,1.700166,0.75638294
0,227,281.50635,-1.052527,1.6826239,0.75638294
0,228,281.50635,-0.92588156,1.6671925,0.75638294
0,229,281.50635,-0.79967153,1.6538646,0.75638294
0,230,281.50635,-0.6739429,1.6426322,0.75638294
0,231,281.50635,-0.5487347,1.6334866,0.75638294
1,0,281.50635,-0.4240764,1.6264187,0.47079504
1,1,-67.39496,0,-0.008726646,0.9999454
1,2,-63.55055,1.3183556,0.24352843,0.9999454
1,3,-59.70614,1.3277727,0.26565796,0.9999454
1,4,-55.86173,1.3253211,0.28774664,0.9999454
1,5,-52.01732,1.3256221,0.30984035,0.9999454
1,6,-48.17291,1.3286569,0.33198464,0.9999454
1,7,-44.3285,1.3344381,0.35422528,0.9999454
1,8,-40.48409,1.3429039,0.376607,-0.7981292
1,9,-43.03498,1.398564,0.3999164,-0.7981292
1,10,-45.585873,1.4564217,0.4241901,-0.7981292
1,11,-48.136765,1.5165017,0.44946513,-0.7981292
1,12,-50.687656,1.5788248,0.4757789,-0.7981292
1,13,-53.23855,1.643484,0.5031703,-0.7981292
1,14,-55.78944,1.7104672,0.5316781,-0.7981292
1,15,-58.340332,1.779855,0.5613424,-0.7981292
1,16,-60.891224,1.8516252,0.59220284,-0.7981292
1,17,-63.442116,1.9258442,0.62430024,-0.7981292
1,18,-65.993004,2.0024638,0.6576746,-0.7981292
1,19,-68.54389,2.0815365,0.6923669,0.43690133
1,20,-67.003975,2.139469,0.7280247,0.43690133
1,21,-65.46406,2.2005765,0.764701,0.8103528
1,22,-62.23555,2.255747,0.8022968,0.8103528
1,23,-59.007042,2.31446,0.84087116,0.8103528
1,24,-55.778534,2.3766475,0.88048196,-0.04638028
1,25,-55.778534,2.4576812,0.92144334,-0.04638028
1,26,-55.778534,2.5412767,0.9637979,-0.04638028
1,27,-55.778534,2.6273432,1.007587,-0.04638028
1,28,-55.778534,2.715779,1.0528499,-0.04638028
1,29,-55.778534,2.8064451,1.0996239,-0.04638028
1,30,-55.778534,2.899188,1.1479437,-0.04638028
1,31,-55.778534,2.9938247,1.1978408,-0.04638028
1,32,-55.778534,3.090143,1.2493432,-0.3489986
1,33,-56.480785,3.1895654,1.3025026,-0.3489986
1,34,-57.183037,3.2898755,1.3573339,-0.3489986
1,35,-57.88529,3.3907585,1.4138465,-0.3489986
1,36,-58.58754,3.491857,1.4720441,-0.3489986
1,37,-59.28979,3.5927918,1.531924,-0.3489986
1,38,-59.992043,3.6931407,1.5934764,-0.3489986
1,39,-60.694294,3.7924526,1.6566839,-0.3489986
1,40,-61.396545,3.890239,1.7215213,-0.3489986
1,41,-62.098797,3.9859824,1.7879543,-0.3489986
1,42,-62.80105,4.0791445,1.8559401,-0.06320453
1,43,-62.80105,4.1706424,1.9254508,-0.06320453
1,44,-62.80105,4.258749,1.9964299,-0.06320453
1,45,-62.80105,4.342871,2.0688112,-0.06320453
1,46,-62.80105,4.4224033,2.1425178,-0.06320453
1,47,-62.80105,4.496745,2.2174635,-0.06320453
1,48,-62.80105,4.565299,2.293552,-0.06320453
1,49,-62.80105,4.6274934,2.3706768,-0.06320453
1,50,-62.80105,4.6827745,2.448723,-0.06320453
1,51,-62.80105,4.73063,2.527567,-0.06320453
1,52,-62.80105,4.7705836,2.6070766,-0.06320453
1,53,-62.80105,4.802222,2.6871138,-0.06320453
1,54,-62.80105,4.8251786,2.7675333,0.6184076
1,55,-60.474075,4.8553824,2.8484564,0.6184076
1,56,-58.147102,4.8766165,2.9297333,0.6184076
1,57,-55.82013,4.888625,3.0112104,0.6184076
1,58,-53.493156,4.8912325,3.092731,0.6184076
1,59,-51.166183,4.8842697,-3.1090498,0.6184076
1,60,-48.83921,4.867739,-3.0279207,0.6184076
1,61,-46.512238,4.841637,-2.9472268,0.6184076
1,62,-44.185265,4.8061028,-2.867125,0.6184076
1,63,-41.85829,4.761364,-2.787769,0.6184076
1,64,-39.53132,4.7076283,-2.7093086,0.6184076
1,65,-37.204346,4.6452837,-2.6318872,0.6184076
1,66,-34.877373,4.574671,-2.5556426,0.52901196
1,67,-32.94687,4.493785,-2.4807463,0.52901196
1,68,-31.016365,4.4057274,-2.4073174,0.52901196
1,69,-29.085861,4.3110423,-2.3354666,0.52901196
1,70,-27.155357,4.21023,-2.2652962,0.52901196
1,71,-25.224854,4.1038647,-2.1968985,0.52901196
1,72,-23.29435,3.9925034,-2.1303568,0.52901196
1,73,-21.363846,3.8767004,-2.065745,0.52901196
1,74,-19.433342,3.756998,-2.0031285,0.52901196
1,75,-17.502838,3.6339352,-1.9425629,0.52901196
1,76,-15.572333,3.507995,-1.8840964,0.52901196
1,77,-13.641829,3.3796656,-1.8277686,0.52901196
1,78,-11.711324,3.249402,-1.7736119,0.52901196
1,79,-9.780819,3.1176221,-1.7216516,0.52901196
1,80,-7.850314,2.984715,-1.6719064,-0.4100064
1,81,-8.771632,2.8488827,-1.6244249,-0.4100064
1,82,-9.69295,2.7136219,-1.5791979,-0.4100064
1,83,-10.614268,2.5791686,-1.5362117,-0.4100064
1,84,-11.535586,2.4457216,-1.4954497,-0.4100064
1,85,-12.456904,2.3134496,-1.4568921,-0.4100064
1,86,-13.378222,2.1824856,-1.4205173,-0.4100064
1,87,-14.2995405,2.0529428,-1.3863016,-0.4100064
1,88,-15.220859,1.924894,-1.35422,0.32678568
1,89,-14.1205,1.795159,-1.3243008,0.32678568
1,90,-13.020141,1.666588,-1.2965243,0.32678568
1,91,-11.919782,1.5392337,-1.2708704,0.32678568
1,92,-10.819423,1.4131094,-1.2473186,0.32678568
1,93,-9.719064,1.2882433,-1.225848,-0.42655516
1,94,-10.70196,1.1698802,-1.20635,-0.42655516
1,95,-11.684856,1.053011,-1.1887997,-0.42655516
1,96,-12.667753,0.9375599,-1.1731738,-0.42655516
1,97,-13.65065,0.82347405,-1.1594492,-0.42655516
1,98,-14.633547,0.71066046,-1.1476048,-0.42655516
1,99,-15.616444,0.5990371,-1.1376209,-0.42655516
1,100,-16.59934,0.48852795,-1.1294788,-0.42655516
1,101,-17.582237,0.3790152,-1.1231619,-0.42655516
1,102,-18.565134,0.27042085,-1.1186548,-0.42655516
1,103,-19.54803,0.16262177,-1.1159445,-0.42655516
1,104,-20.530928,0.05552602,-1.1150191,-0.42655516
1,105,-21.513824,-0.050956823,-1.1158683,-0.5549642
1,106,-23.001593,-0.15529494,-1.1184566,-0.5549642
1,107,-24.48936,-0.25925308,-1.1227775,-0.5549642
1,108,-25.977129,-0.3629338,-1.1288264,-0.8629623
1,109,-28.83102,-0.46205273,-1.1365273,-0.8629623
1,110,-31.684912,-0.5611881,-1.1458805,-0.8629623
1,111,-34.538803,-0.66043854,-1.1568878,-0.8629623
1,112,-37.392693,-0.75988996,-1.1695526,-0.8629623
1,113,-40.246582,-0.85965633,-1.1838802,-0.8629623
1,114,-43.10047,-0.9598132,-1.1998771,-0.8629623
1,115,-45.95436,-1.0604308,-1.217551,-0.8629623
1,116,-48.80825,-1.1616023,-1.236911,-0.8629623
1,117,-51.66214,-1.2633783,-1.2579674,0.38609004
1,118,-50.32904,-1.3754495,-1.2808915,0.38609004
1,119,-48.99594,-1.4874939,-1.3056831,0.38609004
1,120,-47.66284,-1.5994858,-1.3323412,0.38609004
1,121,-46.329742,-1.7113827,-1.3608643,0.38609004
1,122,-44.996643,-1.8231205,-1.3912497,0.38609004
1,123,-43.663544,-1.9346164,-1.4234933,0.38609004
1,124,-42.330444,-2.045767,-1.4575894,0.38609004
1,125,-40.997345,-2.1564481,-1.4935302,0.38609004
1,126,-39.664246,-2.266513,-1.5313054,0.8552748
1,127,-36.215843,-2.376415,-1.5709124,0.8552748
1,128,-32.76744,-2.4847083,-1.6123241,0.8552748
1,129,-29.31904,-2.5911427,-1.6555098,0.8552748
1,130,-25.87064,-2.6954534,-1.7004341,0.8574153
1,131,-22.411682,-2.7973447,-1.7470565,0.80020857
1,132,-19.232388,-2.8968813,-1.7953378,0.80020857
1,133,-16.053093,-2.9934692,-1.8452289,0.80020857
1,134,-12.873798,-3.0867593,-1.8966749,0.80020857
1,135,-9.694504,-3.176411,-1.949615,0.80020857
1,136,-6.5152087,-3.2620535,-2.0039825,0.80020857
1,137,-3.3359137,-3.343318,-2.0597045,0.80020857
1,138,-0.1566186,-3.4198298,-2.1167016,0.80020857
1,139,3.0226765,-3.4912162,-2.1748886,0.80020857
1,140,6.2019715,-3.5570989,-2.2341735,0.80020857
1,141,9.381267,-3.617152,-2.2944593,-0.8120439
1,142,6.7659755,-3.699717,-2.3561213,-0.8120439
1,143,4.1506844,-3.7774668,-2.419079,-0.8120439
1,144,1.5353932,-3.8499177,-2.4832444,-0.786055
1,145,-0.9599006,-3.9159455,-2.54851,-0.786055
1,146,-3.4551945,-3.9758253,-2.6147738,-0.786055
1,147,-5.950488,-4.0291853,-2.6819267,-0.786055
1,148,-8.445782,-4.0756187,-2.7498536,-0.786055
1,149,-10.941075,-4.114845,-2.8184342,-0.786055
1,150,-13.436369,-4.146512,-2.8875427,-0.786055
1,151,-15.931663,-4.1703944,-2.9570494,-0.786055
1,152,-18.426956,-4.1863127,-3.0268211,-0.786055
1,153,-20.92225,-4.1940584,-3.0967221,0.9060856
1,154,-17.22139,-4.14727,3.117342,0.9060856
1,155,-13.520529,-4.0926623,3.049131,0.9060856
1,156,-9.819668,-4.0305552,2.981955,0.9060856
1,157,-6.118807,-3.9612885,2.9159336,0.9060856
1,158,-2.4179459,-3.8851688,2.8511808,0.9060856
1,159,1.2829151,-3.802628,2.7878036,0.9060856
1,160,4.983776,-3.714022,2.7259033,-0.70388746
1,161,2.8594894,-3.659677,2.6649086,-0.70388746
1,162,0.7352028,-3.5986192,2.6049316,-0.70388746
1,163,-1.3890839,-3.5311494,2.5460792,-0.70388746
1,164,-3.5133705,-3.4576056,2.4884524,-0.70388746
1,165,-5.637657,-3.378342,2.4321468,-0.70388746
1,166,-7.761944,-3.2937372,2.3772511,-0.70388746
1,167,-9.88623,-3.2041347,2.323849,-0.70388746
1,168,-12.010517,-3.1099272,2.2720168,-0.70388746
1,169,-14.134804,-3.0114927,2.2218251,-0.70388746
1,170,-16.25909,-2.9092064,2.1733384,0.13972354
1,171,-15.8177,-2.7925436,2.126796,0.13972354
1,172,-15.37631,-2.6735969,2.082236,0.13972354
1,173,-14.93492,-2.552661,2.0396917,0.13972354
1,174,-14.49353,-2.4300723,1.9991904,0.23636425
1,175,-13.727685,-2.3050911,1.9607723,-0.27812195
1,176,-14.193354,-2.182581,1.9243959,-0.27812195
1,177,-14.659022,-2.0589504,1.8900801,-0.27812195
1,178,-15.124691,-1.9344232,1.8578397,-0.27812195
1,179,-15.59036,-1.8092134,1.8276862,-0.27812195
1,180,-16.056028,-1.6835041,1.7996278,-0.27812195
1,181,-16.521696,-1.5574708,1.77367,-0.27812195
1,182,-16.987364,-1.4312495,1.7498158,-0.27812195
1,183,-17.453032,-1.3049774,1.7280662,-0.27812195
1,184,-17.9187,-1.1787698,1.70842,-0.27812195
1,185,-18.384367,-1.0527275,1.6908746,-0.27812195
2,0,-18.850035,-0.92693466,1.6754256,-0.27812195
2,1,-106.317986,0,-0.008726646,-0.43889272
2,2,-108.503815,0.6789472,0.5542647,-0.43889272
2,3,-110.689644,0.33284742,0.5598122,-0.43889272
2,4,-112.87547,0.41103333,0.5666627,-0.43889272
2,5,-115.0613,0.4894179,0.5748197,-0.43889272
2,6,-117.24713,0.56816405,0.5842891,-0.43889272
2,7,-119.43296,0.6473661,0.59507847,-0.43889272
2,8,-121.61879,0.7271257,0.6071972,0.48465812
2,9,-119.05091,0.7783519,0.62016976,0.48465812
2,10,-116.48303,0.8306867,0.63401455,0.48465812
2,11,-113.91515,0.88419443,0.64875114,0.48465812
2,12,-111.347275,0.93899405,0.66440105,0.48465812
2,13,-108.779396,0.99514157,0.68098676,0.48465812
2,14,-106.21152,1.0527133,0.698532,0.86678517
2,15,-100.97877,1.0965177,0.71680737,0.86678517
2,16,-95.74602,1.1421698,0.73584354,0.39930463
2,17,-93.733635,1.2076021,0.75597024,0.39930463
2,18,-91.72125,1.2746211,0.77721393,0.39930463
2,19,-89.70887,1.3433249,0.7996027,0.39930463
2,20,-87.69649,1.4137439,0.82316506,0.39930463
2,21,-85.684105,1.4859575,0.847931,0.39930463
2,22,-83.67172,1.5600338,0.8739316,0.39930463
2,23,-81.65934,1.635987,0.90119797,0.39930463
2,24,-79.64696,1.7138934,0.92976284,0.39930463
2,25,-77.634575,1.7937425,0.95965856,0.6611358
2,26,-73.86745,1.8680643,0.990793,0.6611358
2,27,-70.10032,1.944735,1.0232053,0.6611358
2,28,-66.33319,2.0237808,1.056935,0.6611358
2,29,-62.566063,2.1052163,1.092022,0.6611358
2,30,-58.798935,2.1890023,1.1285053,0.6611358
2,31,-55.031807,2.2751224,1.166424,0.6611358
2,32,-51.26468,2.3635468,1.2058165,0.6611358
2,33,-47.49755,2.4541934,1.2467197,0.6611358
2,34,-43.730423,2.5469909,1.2891695,0.6611358
2,35,-39.963295,2.6418483,1.3332003,0.139485
2,36,-39.49101,2.7444265,1.3789408,0.139485
2,37,-39.018723,2.8476434,1.4264015,0.139485
2,38,-38.546436,2.9512722,1.4755894,-0.6309345
2,39,-42.016953,3.0578623,1.5265538,-0.6309345
2,40,-45.48747,3.1628077,1.5792673,-0.6309345
2,41,-48.957985,3.2657392,1.6336962,-0.6309345
2,42,-52.4285,3.3662736,1.6898007,-0.6309345
2,43,-55.899017,3.4639866,1.7475338,-0.6309345
2,44,-59.369534,3.5584545,1.8068414,-0.6309345
2,45,-62.84005,3.6492212,1.8676617,-0.6309345
2,46,-66.31057,3.7358344,1.9299257,-0.6309345
2,47,-69.78109,3.817812,1.9935559,-0.49850333
2,48,-72.356995,3.897437,2.0585132,-0.49850333
2,49,-74.9329,3.9718404,2.1247106,-0.49850333
2,50,-77.508804,4.0405765,2.1920536,-0.49850333
2,51,-80.08471,4.1031756,2.2604399,-0.49850333
2,52,-82.660614,4.15918,2.3297596,-0.49850333
2,53,-85.23652,4.2082105,2.3998964,-0.49850333
2,54,-87.81242,4.2498493,2.4707272,-0.49850333
2,55,-90.38833,4.2838,2.5421238,-0.49850333
2,56,-92.96423,4.3097515,2.6139529,-0.49850333
2,57,-95.54014,4.32744,2.6860769,-0.49850333
2,58,-98.11604,4.336724,2.7583556,-0.49850333
2,59,-100.69195,4.3374195,2.830646,-0.49850333
2,60,-103.26785,4.329517,2.9028046,-0.49850333
2,61,-105.84376,4.3129807,2.9746876,0.13737893
2,62,-105.38254,4.310263,3.0465252,-0.47263253
2,63,-107.78809,4.2776747,3.1178198,-0.47263253
2,64,-110.19365,4.236769,-3.0947526,-0.47263253
2,65,-112.599205,4.187757,-3.0249567,-0.47263253
2,66,-115.00476,4.130909,-2.9561083,-0.47263253
2,67,-117.41032,4.0665417,-2.8883326,-0.47263253
2,68,-119.81587,3.995013,-2.821749,-0.47263253
2,69,-122.22143,3.916712,-2.7564704,-0.47263253
2,70,-124.62698,3.8320696,-2.6926026,-0.47263253
2,71,-127.03254,3.7414668,-2.6302447,-0.47263253
2,72,-129.4381,3.6453822,-2.5694883,-0.47263253
2,73,-131.84364,3.5442593,-2.5104172,-0.47263253
2,74,-134.24919,3.4385626,-2.4531078,0.13617194
2,75,-133.7943,3.3452592,-2.3973534,0.13617194
2,76,-133.3394,3.2473302,-2.3432312,0.13617194
2,77,-132.8845,3.145209,-2.290811,0.13617194
2,78,-132.42961,3.0392604,-2.2401567,0.13617194
2,79,-131.97472,2.9298909,-2.1913252,0.13617194
2,80,-131.51982,2.8174765,-2.1443672,0.13617194
2,81,-131.06493,2.7024012,-2.099327,0.13617194
2,82,-130.61003,2.5849752,-2.0562441,0.13617194
2,83,-130.15514,2.4655402,-2.0151517,0.13617194
2,84,-129.70024,2.3443995,-1.9760784,0.03273225
2,85,-129.70024,2.2204945,-1.9390701,0.03273225
2,86,-129.70024,2.095548,-1.9041443,0.03273225
2,87,-129.70024,1.9697896,-1.8713144,0.03273225
2,88,-129.70024,1.8434315,-1.8405906,0.03273225
2,89,-129.70024,1.7166584,-1.8119797,0.03273225
2,90,-129.70024,1.5896399,-1.7854856,0.03273225
2,91,-129.70024,1.4625187,-1.7611103,0.03273225
2,92,-129.70024,1.3354238,-1.7388532,0.03273225
2,93,-129.70024,1.2084675,-1.7187121,0.03273225
2,94,-129.70024,1.0817442,-1.700683,0.03273225
2,95,-129.70024,0.9553317,-1.6847608,0.03273225
2,96,-129.70024,0.8292954,-1.6709392,0.03273225
2,97,-129.70024,0.7036942,-1.6592109,0.03273225
2,98,-129.70024,0.57857245,-1.6495681,-0.8445816
3,0,-134.68028,0.4510357,-1.6420509,-0.8445816
3,1,-4.0622177,0,-0.008726646,-0.567388
3,2,-12.600278,-2.095004,-0.4316149,-0.567388
3,3,-21.138338,-0.51280904,-0.44016173,-0.09784132
3,4,-22.766897,-0.55079794,-0.4493417,-0.22232425
3,5,-26.600397,-0.57476723,-0.45892116,-0.22232425
3,6,-30.433897,-0.5997595,-0.46891716,-0.22232425
3,7,-34.267395,-0.6257688,-0.47934663,-0.22232425
3,8,-38.100895,-0.652862,-0.49022767,-0.22232425
3,9,-41.934395,-0.68109083,-0.50157917,-0.22232425
3,10,-45.767895,-0.71049744,-0.5134208,-0.22232425
3,11,-49.601395,-0.74116117,-0.5257735,-0.22232425
3,12,-53.434895,-0.7730776,-0.5386582,-0.22232425
3,13,-57.268394,-0.8063251,-0.55209696,-0.22232425
3,14,-61.101894,-0.8409544,-0.5661129,-0.22232425
3,15,-64.935394,-0.8770221,-0.5807299,-0.22232425
3,16,-68.76889,-0.91460526,-0.5959733,-0.59479165
3,17,-77.64015,-0.9225187,-0.6113486,-0.59479165
3,18,-86.51141,-0.9324543,-0.6268895,-0.59479165
3,19,-95.382675,-0.9443828,-0.64262927,-0.59479165
3,20,-104.25394,-0.9583594,-0.65860194,-0.59479165
3,21,-113.1252,-0.9743598,-0.6748413,-0.59479165
3,22,-121.99646,-0.992444,-0.691382,-0.59479165
3,23,-130.86772,-1.0125997,-0.7082586,-0.59479165
3,24,-139.73898,-1.0348964,-0.7255069,-0.59479165
3,25,-148.61024,-1.059327,-0.74316233,-0.59479165
3,26,-157.4815,-1.0859684,-0.7612618,-0.59479165
3,27,-166.35277,-1.114837,-0.77984244,-0.59479165
3,28,-175.22403,-1.1459554,-0.7989417,-0.59479165
3,29,-184.09529,-1.179411,-0.8185985,-0.940846
3,30,-196.89485,-1.1951522,-0.8385177,-0.940846
3,31,-209.69441,-1.2137697,-0.85874724,-0.940846
3,32,-222.49397,-1.2353199,-0.8793359,-0.940846
3,33,-235.29353,-1.2598201,-0.9003328,-0.940846
3,34,-248.0931,-1.2873062,-0.9217879,-0.940846
3,35,-260.89267,-1.3178177,-0.9437516,-0.940846
3,36,-273.69223,-1.3514068,-0.96627504,-0.940846
3,37,-286.4918,-1.3881273,-0.9894105,0.9257792
3,38,-274.0029,-1.5319241,-1.0149426,0.9257792
3,39,-261.514,-1.6746713,-1.0428538,0.9257792
3,40,-249.02512,-1.8162405,-1.0731245,0.9257792
3,41,-236.53622,-1.956418,-1.1057315,0.9257792
3,42,-224.04733,-2.0950127,-1.1406484,0.9257792
3,43,-211.55844,-2.2317762,-1.1778446,0.9257792
3,44,-199.06955,-2.3664527,-1.2172855,0.9257792
3,45,-186.58066,-2.4987051,-1.2589306,0.9257792
3,46,-174.09177,-2.6282032,-1.3027339,0.9257792
3,47,-161.60287,-2.7545872,-1.3486437,0.9257792
3,48,-149.11398,-2.87744,-1.396601,0.9257792
3,49,-136.62509,-2.996338,-1.4465399,0.9257792
3,50,-124.13621,-3.1108305,-1.4983871,0.9257792
3,51,-111.64732,-3.2204387,-1.5520611,-0.9662602
3,52,-124.71919,-3.3210907,-1.6074126,-0.9662602
3,53,-137.79106,-3.4265032,-1.664521,-0.9662602
3,54,-150.86293,-3.5364118,-1.7234612,-0.9662602
3,55,-163.9348,-3.6504984,-1.7843028,-0.9662602
3,56,-177.00667,-3.7684,-1.8471096,-0.9662602
3,57,-190.07854,-3.889689,-1.9119377,-0.9662602
3,58,-203.1504,-4.0138745,-1.9788356,-0.9662602
3,59,-216.22227,-4.1403985,-2.0478423,-0.9662602
3,60,-229.29414,-4.268631,-2.1189861,-0.9662602
3,61,-242.36601,-4.3978677,-2.1922839,-0.44334096
3,62,-249.33856,-4.500771,-2.2672968,-0.44334096
3,63,-256.31113,-4.6006255,-2.3439739,-0.44334096
3,64,-263.2837,-4.696674,-2.4222517,-0.44334096
3,65,-270.25626,-4.7881274,-2.5020537,-0.44334096
3,66,-277.22882,-4.874193,-2.5832903,-0.44334096
3,67,-284.2014,-4.9540796,-2.6658583,-0.44334096
3,68,-291.17395,-5.027014,-2.749642,-0.44334096
3,69,-298.1465,-5.0922523,-2.8345127,-0.44334096
3,70,-305.11908,-5.149089,-2.9203308,-0.44334096
3,71,-312.09164,-5.1968775,-3.0069454,-0.44334096
3,72,-319.0642,-5.235035,-3.0941958,-0.44334096
3,73,-326.03677,-5.263056,3.1012719,-0.44334096
3,74,-333.00934,-5.280533,3.013263,-0.44334096
3,75,-339.9819,-5.287136,2.925144,0.17558503
3,76,-337.1479,-5.21104,2.8382933,0.17558503
3,77,-334.31387,-5.1264925,2.7528517,0.17558503
3,78,-331.47986,-5.03404,2.668951,0.17558503
3,79,-328.64584,-4.9342713,2.586713,0.17558503
3,80,-325.81183,-4.827808,2.5062497,0.17558503
3,81,-322.9778,-4.715278,2.4276617,0.17558503
3,82,-320.1438,-4.5973516,2.3510392,0.17558503
3,83,-317.30978,-4.4746947,2.276461,0.17558503
3,84,-314.47577,-4.3479776,2.2039945,0.17558503
3,85,-311.64175,-4.217825,2.1336975,0.17558503
3,86,-308.80774,-4.0848784,2.0656161,-0.3516661
3,87,-314.5475,-3.98019,1.9992796,-0.3516661
3,88,-320.28723,-3.8697643,1.9347836,-0.3516661
3,89,-326.02698,-3.7541733,1.8722141,-0.3516661
3,90,-331.76672,-3.6339955,1.8116475,-0.3516661
3,91,-337.50647,-3.5097866,1.753151,-0.3516661
3,92,-343.24622,-3.3820786,1.6967831,0.94986606
3,93,-330.4972,-3.2340014,1.6428831,0.94986606
3,94,-317.74817,-3.0909853,1.5913666,0.94986606
3,95,-304.99915,-2.9531245,1.5421479,0.94986606
3,96,-292.25012,-2.8204677,1.4951401,0.94986606
3,97,-279.5011,-2.6930337,1.4502562,0.94986606
3,98,-266.75208,-2.5708163,1.4074093,0.94986606
3,99,-254.00305,-2.4537723,1.3665131,0.94986606
3,100,-241.25403,-2.3418522,1.3274822,0.94986606
3,101,-228.505,-2.2349763,1.2902327,0.94986606
3,102,-215.75598,-2.1330543,1.2546817,0.94986606
3,103,-203.00696,-2.0359929,1.2207485,0.94986606
3,104,-190.25793,-1.9436793,1.1883539,0.94986606
3,105,-177.50891,-1.8559952,1.1574206,0.94577456
3,106,-164.80396,-1.772695,1.1278757,0.94577456
3,107,-152.099,-1.6937698,1.0996462,0.94577456
3,108,-139.39404,-1.61909,1.0726614,0.94577456
3,109,-126.689095,-1.5485421,1.0468524,-0.73547053
3,110,-137.21332,-1.395041,1.0236017,-0.73547053
3,111,-147.73755,-1.2421205,1.0028996,-0.73547053
3,112,-158.26178,-1.0898205,0.98473597,-0.73547053
3,113,-168.78601,-0.93819827,0.96909934,-0.73547053
3,114,-179.31024,-0.7872779,0.95597804,-0.73547053
3,115,-189.83447,-0.63707274,0.9453602,-0.73547053
3,116,-200.3587,-0.48758215,0.9372338,-0.73547053
3,117,-210.88293,-0.3388057,0.93158704,-0.73547053
3,118,-221.40717,-0.19072093,0.9284084,-0.73547053
3,119,-231.9314,-0.04332468,0.92768633,-0.73547053
3,120,-242.45563,0.10340107,0.9294097,-0.73547053
3,121,-252.97986,0.2494691,0.93356746,-0.73547053
3,122,-263.5041,0.39489394,0.940149,-0.64355767
3,123,-272.95868,0.53495395,0.9490649,-0.64355767
3,124,-282.41327,0.6744414,0.9603055,-0.64355767
3,125,-291.86786,0.81335497,0.97386146,-0.64355767
3,126,-301.32245,0.95168024,0.9897228,-0.64355767
3,127,-310.77704,1.0893997,1.0078795,-0.64355767
3,128,-320.23163,1.2264668,1.0283206,-0.64355767
3,129,-329.68622,1.3628157,1.0510341,-0.64355767
3,130,-339.1408,1.4983668,1.0760069,-0.64355767
3,131,-348.5954,1.6330212,1.1032239,-0.64355767
3,132,-358.05,1.7666479,1.132668,-0.64355767
3,133,-367.50458,1.8990922,1.1643195,-0.64355767
3,134,-376.95917,2.0301745,1.1981558,-0.64355767
3,135,-386.41376,2.159691,1.2341506,0.08931446
3,136,-385.27213,2.2612176,1.2718376,0.08931446
3,137,-384.1305,2.3636756,1.3112322,0.08931446
3,138,-382.98886,2.4669547,1.3523481,0.08931446
3,139,-381.84723,2.5709116,1.3951967,0.08931446
3,140,-380.7056,2.675384,1.4397864,0.08931446
3,141,-379.56396,2.7801735,1.4861226,0.08931446
3,142,-378.42233,2.8850563,1.5342069,0.08931446
3,143,-377.2807,2.989782,1.5840366,0.08931446
3,144,-376.13907,3.094069,1.6356044,0.08931446
3,145,-374.99744,3.197603,1.6888977,0.08931446
3,146,-373.8558,3.300043,1.7438984,0.028081417
3,147,-373.8558,3.3995445,1.8005575,0.028081417
3,148,-373.8558,3.4967175,1.8588362,0.028081417
3,149,-373.8558,3.5911365,1.9186884,0.028081417
3,150,-373.8558,3.6823559,1.980061,0.028081417
3,151,-373.8558,3.7699142,2.042893,0.98349416
3,152,-360.74643,3.8979378,2.1078587,0.38345492
3,153,-354.75742,3.9992373,2.1745126,0.38345492
3,154,-348.7684,4.0976963,2.2428076,-0.6101785
3,155,-357.825,4.122646,2.3115184,-0.6101785
3,156,-366.88162,4.138394,2.3804917,-0.6101785
3,157,-375.93823,4.144785,2.4495714,-0.6101785
3,158,-384.99484,4.141715,2.5186,-0.6101785
3,159,-394.05145,4.129151,2.5874193,-0.6101785
3,160,-403.10806,4.1071224,2.6558714,-0.6101785
3,161,-412.16467,4.075726,2.7238002,0.16257882
3,162,-409.55994,4.114859,2.7923813,0.16257882
3,163,-406.9552,4.1463194,2.8614867,0.16257882
3,164,-404.35046,4.169862,2.9309843,0.16257882
3,165,-401.74573,4.185299,3.0007393,-0.3792737
3,166,-407.86496,4.127875,3.0695372,-0.3792737
3,167,-413.9842,4.062397,3.1372437,-0.3792737
3,168,-420.10342,3.9892328,-3.0794542,-0.3792737
3,169,-426.22266,3.9087806,-3.0143077,0.5681515
3,170,-417.84357,3.9290552,-2.9488235,0.5681515
3,171,-409.46448,3.940643,-2.883146,0.22500753
3,172,-405.8066,3.9093285,-2.8179905,0.22500753
3,173,-402.14874,3.870284,-2.753486,0.22500753
3,174,-398.49088,3.823727,-2.689757,0.22500753
3,175,-394.833,3.7699213,-2.626925,0.22500753
3,176,-391.17514,3.7091527,-2.5651057,0.22500753
3,177,-387.51727,3.6417413,-2.50441,0.22500753
3,178,-383.8594,3.5680285,-2.444943,0.22500753
3,179,-380.20154,3.4883804,-2.3868034,0.31123865
3,180,-375.23074,3.4103265,-2.3299646,0.31123865
3,181,-370.25995,3.326635,-2.2745206,0.31123865
3,182,-365.28915,3.2376919,-2.2205591,0.31123865
3,183,-360.31836,3.143868,-2.1681614,0.31123865
3,184,-355.34756,3.0455587,-2.117402,-0.9533775
3,185,-368.28162,2.8735087,-2.0695102,-0.9533775
3,186,-381.21567,2.7038493,-2.024446,0.7558211
3,187,-370.61563,2.6139057,-1.9808809,0.7558211
3,188,-360.0156,2.5192432,-1.9388934,0.7558211
3,189,-349.41556,2.4202223,-1.8985564,0.7558211
3,190,-338.81552,2.3171897,-1.8599365,0.7558211
3,191,-328.21548,2.2104938,-1.823095,0.7558211
3,192,-317.61545,2.100467,-1.7880871,0.7558211
3,193,-307.0154,1.9874398,-1.7549632,0.7558211
3,194,-296.41537,1.8717216,-1.7237678,0.7558211
3,195,-285.81534,1.7536179,-1.6945407,0.7558211
3,196,-275.2153,1.6334114,-1.6673173,0.78427804
3,197,-264.29193,1.5116061,-1.6421238,0.78427804
3,198,-253.36855,1.3881656,-1.6189877,0.78427804
3,199,-242.44516,1.263336,-1.5979321,0.78427804
3,200,-231.52177,1.1373495,-1.5789763,0.78427804
3,201,-220.59839,1.0104299,-1.5621358,0.78427804
3,202,-209.675,0.88278836,-1.5474226,0.78427804
3,203,-198.75162,0.75462216,-1.5348456,0.78427804
3,204,-187.82823,0.62611616,-1.5244104,0.78427804
3,205,-176.90485,0.49745274,-1.5161195,0.78427804
3,206,-165.98146,0.36880136,-1.5099728,-0.48938465
3,207,-173.54706,0.24873658,-1.5058272,-0.48938465
3,208,-181.11264,0.12954684,-1.5036681,-0.48938465
3,209,-188.67822,0.01109865,-1.503483,-0.48938465
3,210,-196.2438,-0.10672915,-1.5052619,-0.051974773
3,211,-196.77579,-0.22751127,-1.5090537,-0.051974773
3,212,-197.30777,-0.34771848,-1.5148491,-0.051974773
3,213,-197.83975,-0.46737197,-1.5226386,0.77516925
3,214,-187.01953,-0.5905771,-1.5324816,0.77516925
3,215,-176.19931,-0.7124028,-1.5443549,0.77516925
3,216,-165.37909,-0.8326782,-1.5582329,0.77516925
3,217,-154.55887,-0.9512306,-1.5740868,0.77516925
3,218,-143.73865,-1.0678749,-1.5918847,0.77516925
3,219,-132.91843,-1.1824241,-1.6115918,0.77516925
3,220,-122.098206,-1.2946757,-1.6331698,0.27564716
3,221,-117.654045,-1.4073964,-1.6566263,0.27564716
3,222,-113.209885,-1.5184953,-1.6819346,0.27564716
3,223,-108.765724,-1.627827,-1.7090651,0.27564716
3,224,-104.32156,-1.7352241,-1.7379855,0.27564716
3,225,-99.8774,-1.8405161,-1.7686608,-0.26205587
3,226,-104.32349,-1.9565903,-1.8012706,-0.26205587
3,227,-108.76957,-2.0722034,-1.8358073,-0.26205587
3,228,-113.21565,-2.1872315,-1.8722612,-0.26205587
3,229,-117.661736,-2.3015141,-1.9106197,0.99084127
3,230,-104.47404,-2.3708951,-1.9501346,0.99084127
3,231,-91.28634,-2.4345148,-1.9907099,0.99084127
3,232,-78.09864,-2.49213,-2.0322454,0.99084127
3,233,-64.91094,-2.5435236,-2.0746374,0.99084127
3,234,-51.723244,-2.588493,-2.117779,0.99084127
3,235,-38.535545,-2.6268442,-2.1615598,0.99084127
3,236,-25.347847,-2.6584203,-2.2058668,0.99084127
3,237,-12.160148,-2.683098,-2.250585,0.99084127
3,238,1.0275517,-2.7007675,-2.2955978,-0.99635065
3,239,-12.330372,-2.8430145,-2.3429813,-0.99635065
3,240,-25.688295,-2.9838617,-2.3927124,-0.99635065
3,241,-39.04622,-3.1229074,-2.4447608,-0.99635065
3,242,-52.404144,-3.2597232,-2.4990895,-0.99635065
3,243,-65.76207,-3.3938017,-2.5556529,-0.99635065
3,244,-79.119995,-3.5246232,-2.6143966,-0.99635065
3,245,-92.47792,-3.6516128,-2.6752567,-0.99635065
3,246,-105.835846,-3.7741616,-2.7381594,-0.99635065
3,247,-119.19377,-3.8916497,-2.8030202,-0.99635065
3,248,-132.5517,-4.0033836,-2.8697433,-0.99635065
3,249,-145.90962,-4.108695,-2.9382217,-0.99635065
3,250,-159.26755,-4.2069006,-3.0083368,-0.99635065
3,251,-172.62547,-4.297327,-3.079959,-0.99635065
3,252,-185.9834,-4.379285,3.1302383,0.92358243
3,253,-173.51833,-4.2589707,3.0592554,0.92358243
3,254,-161.05325,-4.1320024,2.9903886,0.92358243
3,255,-148.58818,-3.999018,2.9237382,0.54451394
3,256,-140.50166,-3.892662,2.8588605,0.54451394
3,257,-132.41515,-3.7806988,2.7958488,-0.6181753
3,258,-141.56761,-3.7849996,2.7327654,-0.7798758
3,259,-152.59619,-3.7933815,2.6695423,-0.7798758
3,260,-163.62477,-3.792477,2.6063344,-0.7798758
3,261,-174.65335,-3.7822933,2.5432963,-0.7798758
3,262,-185.68193,-3.7628982,2.4805813,-0.7798758
3,263,-196.71051,-3.7344184,2.418341,-0.7798758
3,264,-207.73909,-3.697032,2.3567238,-0.7798758
3,265,-218.76767,-3.650963,2.2958744,-0.7798758
3,266,-229.79625,-3.5964844,2.2359328,-0.7798758
3,267,-240.82483,-3.5339081,2.1770344,-0.7798758
3,268,-251.85341,-3.4635832,2.119308,-0.7798758
3,269,-262.882,-3.3858736,2.0628767,-0.7961523
3,270,-274.0936,-3.301829,2.007846,-0.7961523
3,271,-285.3052,-3.21115,1.954327,-0.7961523
3,272,-296.5168,-3.1142602,1.9024227,-0.7961523
3,273,-307.72842,-3.011598,1.8522294,-0.7961523
3,274,-318.94003,-2.9035978,1.8038361,-0.7961523
3,275,-330.15164,-2.790695,1.7573246,-0.7961523
4,0,-341.36325,-2.6733248,1.7127692,-0.7961523
4,1,66.7525,0,-0.008726646,-0.14621127
4,2,66.39213,0.65359306,0.7984095,-0.14621127
4,3,66.03175,-0.60880387,0.7882628,-0.14621127
4,4,65.67138,-0.5174526,0.7796385,-0.14621127
4,5,65.311005,-0.427333,0.7725163,-0.14621127
4,6,64.95063,-0.33834845,0.7668772,-0.14621127
4,7,64.590256,-0.25032225,0.76270515,-0.14621127
4,8,64.22988,-0.16316383,0.75998574,-0.14621127
4,9,63.869507,-0.07671969,0.7587071,-0.14621127
4,10,63.509132,0.009168463,0.7588599,-0.14621127
4,11,63.148758,0.094578356,0.7604362,0.24768162
4,12,63.779835,0.17430343,0.76334125,0.24768162
4,13,64.41091,0.2538593,0.7675722,0.24768162
4,14,65.04199,0.33334172,0.7731279,0.24768162
4,15,65.67307,0.41290843,0.78000975,0.24768162
4,16,66.30415,0.49266112,0.78822076,0.24768162
4,17,66.935234,0.57269275,0.7977657,0.24768162
4,18,67.566315,0.6531489,0.8086515,0.24768162
4,19,68.197395,0.7341205,0.82088685,0.24768162
4,20,68.828476,0.8156968,0.8344818,0.24768162
4,21,69.45956,0.8980034,0.8494485,0.24768162
4,22,70.09064,0.98111916,0.8658005,0.24768162
4,23,70.72172,1.0651221,0.8835525,0.24768162
4,24,71.3528,1.1501254,0.90272117,0.24768162
4,25,71.98388,1.236186,0.9233243,0.746328
4,26,76.83108,1.3043393,0.9450633,0.746328
4,27,81.678276,1.374291,0.96796817,0.746328
4,28,86.525475,1.4461306,0.9920703,0.746328
4,29,91.37267,1.5198925,1.0174018,0.746328
4,30,96.21987,1.5956669,1.0439962,0.746328
4,31,101.06707,1.673472,1.0718874,0.746328
4,32,105.91427,1.7533685,1.1011102,0.746328
4,33,110.76147,1.8354089,1.1317004,-0.7247213
4,34,105.529015,1.9516549,1.164228,0.11493087
4,35,105.529015,2.0522249,1.1984317,0.11493087
4,36,105.529015,2.153798,1.2343284,0.11493087
4,37,105.529015,2.2562973,1.2719333,0.11493087
4,38,105.529015,2.3596268,1.3112605,0.11493087
4,39,105.529015,2.4636674,1.3523216,0.11493087
4,40,105.529015,2.568276,1.3951262,0.11493087
4,41,105.529015,2.6732788,1.4396808,0.11493087
4,42,105.529015,2.77848,1.4859889,0.11493087
4,43,105.529015,2.8836496,1.5340496,0.11493087
4,44,105.529015,2.9885316,1.5838585,-0.24152684
4,45,104.45994,3.0927365,1.6354041,-0.24152684
4,46,103.39086,3.1956387,1.6886648,-0.24152684
4,47,102.321785,3.2968853,1.7436129,-0.24152684
4,48,101.25271,3.3960931,1.8002144,-0.24152684
4,49,100.18363,3.4928606,1.8584287,-0.24152684
4,50,99.114555,3.5867534,1.9182079,-0.24152684
4,51,98.04548,3.6773348,1.9794968,-0.24152684
4,52,96.9764,3.7641401,2.0422325,-0.24152684
4,53,95.907326,3.8467002,2.1063442,-0.24152684
4,54,94.83825,3.9245393,2.1717532,-0.24152684
4,55,93.76917,3.9971895,2.238373,-0.24152684
4,56,92.700096,4.0641775,2.3061094,-0.24152684
4,57,91.63102,4.1250525,2.3748603,-0.34994215
4,58,89.68889,4.174691,2.4444385,-0.34994215
4,59,87.74676,4.217132,2.514724,-0.34994215
4,60,85.80463,4.252019,2.585591,-0.34994215
4,61,83.862495,4.2790956,2.6569092,-0.34994215
4,62,81.920364,4.298092,2.728544,-0.34994215
4,63,79.97823,4.3087893,2.800357,-0.34994215
4,64,78.0361,4.311108,2.8722088,-0.34994215
4,65,76.09397,4.3049345,2.9439578,-0.34994215
4,66,74.15184,4.290237,3.0154617,-0.34994215
4,67,72.20971,4.267097,3.08658,-0.34994215
4,68,70.26758,4.235596,-3.1260118,-0.34994215
4,69,68.32545,4.195858,-3.0560808,0.039919972
4,70,68.32545,4.1626253,-2.9867036,0.039919972
4,71,68.32545,4.121371,-2.918014,0.039919972
4,72,68.32545,4.072315,-2.8501422,0.039919972
4,73,68.32545,4.0157356,-2.7832134,0.039919972
4,74,68.32545,3.9519396,-2.7173476,0.039919972
4,75,68.32545,3.8812706,-2.65266,0.039919972
4,76,68.32545,3.804104,-2.5892582,0.039919972
4,77,68.32545,3.7208366,-2.5272443,0.039919972
4,78,68.32545,3.631885,-2.466713,0.039919972
4,79,68.32545,3.5376666,-2.4077518,0.039919972
4,80,68.32545,3.4386106,-2.3504417,0.039919972
4,81,68.32545,3.335151,-2.2948558,0.082404494
4,82,68.32545,3.2277117,-2.2410607,0.082404494
4,83,68.32545,3.1167028,-2.1891158,0.082404494
4,84,68.32545,3.0025334,-2.1390736,0.082404494
4,85,68.32545,2.8855875,-2.0909805,0.082404494
4,86,68.32545,2.7662263,-2.0448768,0.082404494
4,87,68.32545,2.644805,-2.0007968,0.082404494
4,88,68.32545,2.5216446,-1.9587693,0.082404494
4,89,68.32545,2.3970482,-1.9188185,-0.6741816
4,90,63.55402,2.2591188,-1.8811665,-0.6741816
4,91,58.782593,2.1216412,-1.8458058,-0.6741816
4,92,54.011166,1.9847565,-1.8127265,-0.6741816
4,93,49.23974,1.8486019,-1.7819165,-0.6741816
4,94,44.46831,1.7132871,-1.7533617,-0.6741816
4,95,39.696884,1.5788887,-1.7270468,-0.6741816
4,96,34.925457,1.4454675,-1.7029557,-0.6741816
4,97,30.15403,1.3130629,-1.6810713,-0.6741816
4,98,25.382603,1.1816992,-1.6613762,0.1064682
4,99,25.382603,1.0546112,-1.6437994,0.1064682
4,100,25.382603,0.9279168,-1.6283342,0.1064682
4,101,25.382603,0.8016767,-1.6149728,0.1064682
4,102,25.382603,0.6759331,-1.6037073,0.1064682
