iter,avg_reward,avg_len,episodes,std,loss,score_uu,score_ud,score_du,score_dd
0,6621.5010,2016.02,42,0.1500,1144.1515,0.9878,nan,nan,nan
1,1665.6872,546.21,204,0.1499,954.0102,0.8099,nan,nan,nan
2,831.4511,291.30,40,0.1498,1116.4237,0.9695,nan,nan,nan
3,4980.7792,1527.68,28,0.1499,1138.3488,0.9852,nan,nan,nan
4,1749.6902,566.88,258,0.1498,917.5504,0.7912,nan,nan,nan
5,1268.0497,418.34,41,0.1498,1117.7017,0.9714,nan,nan,nan
6,3333.2051,1039.54,24,0.1498,1132.6520,0.9824,nan,nan,nan
7,2507.2904,795.39,194,0.1498,964.7709,0.8375,nan,nan,nan
8,1050.3997,361.74,74,0.1497,1075.9695,0.9361,nan,nan,nan
9,4000.3746,1244.90,20,0.1497,1129.7111,0.9831,nan,nan,nan
10,2411.9396,763.57,168,0.1496,998.7527,0.8774,nan,nan,nan
11,1662.6193,546.31,93,0.1496,1049.0814,0.9134,nan,nan,nan
12,4530.9791,1390.77,22,0.1497,1126.4946,0.9900,nan,nan,nan
13,2409.2056,759.24,139,0.1497,1021.0729,0.9085,nan,nan,nan
14,1741.5823,568.21,124,0.1497,1019.8749,0.8915,nan,nan,nan
15,2250.2511,718.59,27,0.1496,1114.9132,0.9783,nan,nan,nan
16,2852.6949,896.09,106,0.1495,1043.4961,0.9218,nan,nan,nan
17,2227.7402,708.54,114,0.1494,1033.5050,0.9157,nan,nan,nan
18,1915.2099,615.52,48,0.1495,1092.3289,0.9683,nan,nan,nan
19,2292.7519,732.16,102,0.1495,1028.0308,0.9090,nan,nan,nan
20,1839.2270,594.52,161,0.1495,987.0687,0.8608,nan,nan,nan
21,2291.9507,742.10,49,0.1495,1079.6165,0.9531,nan,nan,nan
22,2902.2691,915.12,66,0.1495,1060.8580,0.9429,nan,nan,nan
23,2492.9965,794.93,122,0.1495,1003.8099,0.8876,nan,nan,nan
24,1710.3750,556.62,78,0.1494,1051.6250,0.9385,nan,nan,nan
25,3563.3103,1109.04,45,0.1494,1081.4702,0.9680,nan,nan,nan
26,2740.0440,866.44,107,0.1494,1018.5143,0.9102,nan,nan,nan
27,1616.7483,529.90,127,0.1495,1000.7108,0.8865,nan,nan,nan
28,2016.8615,645.67,51,0.1495,1065.8887,0.9600,nan,nan,nan
29,2323.7058,738.58,131,0.1495,994.6978,0.8927,nan,nan,nan
30,2392.9113,769.25,85,0.1496,1027.4080,0.9230,nan,nan,nan
31,1407.6132,465.00,81,0.1495,1032.6783,0.9254,nan,nan,nan
32,2069.7656,662.83,143,0.1494,985.9068,0.8903,nan,nan,nan
33,2160.1545,691.81,104,0.1493,1013.4396,0.9134,nan,nan,nan
34,2233.0782,716.63,41,0.1492,1067.2301,0.9644,nan,nan,nan
35,2282.6836,730.47,125,0.1492,983.7144,0.8856,nan,nan,nan
36,1866.8851,604.96,132,0.1492,971.3197,0.8750,nan,nan,nan
37,1490.0785,496.63,70,0.1492,1040.3604,0.9424,nan,nan,nan
38,3535.7872,1102.06,71,0.1492,1046.3534,0.9510,nan,nan,nan
39,2837.2285,887.37,78,0.1491,1041.3787,0.9525,nan,nan,nan
40,2380.1905,751.71,68,0.1490,1042.4453,0.9534,nan,nan,nan
41,3351.6202,1041.91,75,0.1489,1039.0436,0.9571,nan,nan,nan
42,2399.4089,768.38,93,0.1488,1006.1152,0.9096,nan,nan,nan
43,1851.4326,595.41,83,0.1488,1029.8071,0.9435,nan,nan,nan
44,2555.3896,811.44,91,0.1488,1009.6975,0.9180,nan,nan,nan
45,2098.1100,677.53,102,0.1487,990.8130,0.9005,nan,nan,nan
46,1398.6929,468.40,119,0.1486,972.8947,0.8818,nan,nan,nan
47,1595.2131,522.08,142,0.1486,956.5421,0.8646,nan,nan,nan
48,1780.6522,580.36,121,0.1482,978.4379,0.8965,nan,nan,nan
49,1589.9818,521.50,104,0.1480,988.6917,0.9069,nan,nan,nan
50,2682.9928,850.81,79,0.1479,1016.6600,0.9334,nan,nan,nan
51,1975.4022,644.26,104,0.1479,966.2918,0.8818,nan,nan,nan
52,2191.9160,704.62,93,0.1479,996.8412,0.9168,nan,nan,nan
53,1793.0578,578.02,103,0.1480,997.5857,0.9226,nan,nan,nan
54,1605.0597,518.84,128,0.1480,975.1050,0.9103,nan,nan,nan
55,2256.0218,717.83,108,0.1480,992.1042,0.9192,nan,nan,nan
56,2505.0425,793.66,65,0.1480,1016.3531,0.9499,nan,nan,nan
57,1690.3637,550.87,122,0.1479,963.8527,0.8920,nan,nan,nan
58,1795.1350,581.36,143,0.1479,949.5739,0.8793,nan,nan,nan
59,2253.6813,724.49,72,0.1477,1008.4073,0.9356,nan,nan,nan
60,1926.8071,620.84,85,0.1476,994.3330,0.9293,nan,nan,nan
61,2090.0464,673.63,127,0.1477,948.5319,0.8819,nan,nan,nan
62,2288.8000,724.49,84,0.1477,1007.3796,0.9445,nan,nan,nan
63,2661.3012,840.98,57,0.1478,1013.1929,0.9492,nan,nan,nan
64,2358.6811,753.39,112,0.1479,967.9816,0.9072,nan,nan,nan
65,2118.9192,679.50,106,0.1479,970.1298,0.9119,nan,nan,nan
66,2878.1068,898.50,42,0.1480,1032.5999,0.9763,nan,nan,nan
67,3521.7394,1098.41,74,0.1480,999.5386,0.9431,nan,nan,nan
68,2320.5648,740.30,114,0.1480,957.5657,0.9041,nan,nan,nan
69,2148.0772,690.21,57,0.1480,1004.1506,0.9535,nan,nan,nan
70,2296.2524,734.08,102,0.1479,964.3832,0.9098,nan,nan,nan
71,2717.2855,854.70,89,0.1479,984.2765,0.9397,nan,nan,nan
72,2751.1684,863.93,55,0.1478,1010.1172,0.9633,nan,nan,nan
73,2988.0167,932.30,74,0.1477,999.7094,0.9597,nan,nan,nan
74,2219.3602,712.56,110,0.1477,953.2347,0.8958,nan,nan,nan
75,2649.0138,838.78,55,0.1476,999.9140,0.9561,nan,nan,nan
76,3084.7636,968.32,75,0.1476,984.5858,0.9397,nan,nan,nan
77,2119.4491,675.28,120,0.1475,954.3371,0.9154,nan,nan,nan
78,1921.7642,624.24,85,0.1475,969.4253,0.9157,nan,nan,nan
79,2379.0703,756.65,81,0.1474,972.8839,0.9353,nan,nan,nan
80,2306.9552,734.16,97,0.1474,955.4880,0.9193,nan,nan,nan
81,1894.6369,613.05,108,0.1474,950.8388,0.9073,nan,nan,nan
82,1955.0798,624.47,94,0.1474,969.7814,0.9396,nan,nan,nan
83,2123.7257,674.48,91,0.1474,969.6985,0.9384,nan,nan,nan
84,1947.8377,624.92,121,0.1475,937.0801,0.9044,nan,nan,nan
85,2344.2475,745.73,91,0.1475,957.9555,0.9304,nan,nan,nan
86,2309.4732,737.15,66,0.1474,976.5909,0.9456,nan,nan,nan
87,2325.9585,739.09,105,0.1474,945.0151,0.9220,nan,nan,nan
88,1988.7203,635.81,118,0.1474,943.9725,0.9120,nan,nan,nan
89,2004.6045,642.28,76,0.1475,970.9969,0.9440,nan,nan,nan
90,2315.3423,736.48,101,0.1474,941.3610,0.9211,nan,nan,nan
91,3089.8488,977.65,72,0.1473,952.6391,0.9290,nan,nan,nan
92,2128.3831,681.11,91,0.1473,951.5422,0.9278,nan,nan,nan
93,1899.1245,610.89,108,0.1474,935.9042,0.9156,nan,nan,nan
94,2274.2185,726.79,98,0.1475,946.1511,0.9159,nan,nan,nan
95,1772.0217,572.75,110,0.1475,934.1307,0.9120,nan,nan,nan
96,2170.4170,695.63,94,0.1475,939.0063,0.9161,nan,nan,nan
97,1920.0955,625.54,117,0.1474,912.6914,0.8779,nan,nan,nan
98,2289.2852,734.80,80,0.1473,946.1791,0.9268,nan,nan,nan
99,2037.0023,651.23,75,0.1472,957.0659,0.9448,nan,nan,nan
100,2805.9963,882.00,90,0.1471,944.7607,0.9365,nan,nan,nan
101,2042.3930,658.22,105,0.1470,922.3103,0.9041,nan,nan,nan
102,1566.6733,521.13,99,0.1468,915.9246,0.8933,nan,nan,nan
103,2040.7683,651.02,120,0.1466,922.3802,0.9183,nan,nan,nan
104,3565.2156,1107.40,45,0.1465,971.9144,0.9712,nan,nan,nan
105,3045.5704,952.41,66,0.1466,961.3090,0.9563,nan,nan,nan
106,2447.4543,773.82,120,0.1466,914.4541,0.9090,nan,nan,nan
107,1573.5852,517.16,79,0.1467,941.1055,0.9353,nan,nan,nan
108,2663.9778,842.09,76,0.1468,940.0323,0.9365,nan,nan,nan
109,2641.7855,835.49,103,0.1468,922.5540,0.9206,nan,nan,nan
110,2578.3288,822.68,59,0.1468,947.8094,0.9469,nan,nan,nan
111,1421.3972,474.45,131,0.1468,887.1899,0.8667,nan,nan,nan
112,2822.6924,887.75,93,0.1467,933.3795,0.9317,nan,nan,nan
113,2469.5456,787.59,66,0.1465,937.0301,0.9409,nan,nan,nan
114,2566.5934,811.81,83,0.1464,926.0882,0.9350,nan,nan,nan
115,2568.2880,814.35,99,0.1463,911.4177,0.9195,nan,nan,nan
116,1581.8750,524.17,104,0.1463,904.7017,0.8948,nan,nan,nan
117,2198.2982,702.00,97,0.1463,917.8815,0.9213,nan,nan,nan
118,2082.6683,670.83,103,0.1464,898.1209,0.8998,nan,nan,nan
119,1544.9312,507.96,134,0.1463,893.7755,0.8888,nan,nan,nan
120,2186.5227,696.71,102,0.1463,911.5936,0.9145,nan,nan,nan
121,2246.0873,717.31,68,0.1464,934.4651,0.9496,nan,nan,nan
122,2623.6563,832.13,85,0.1463,913.7585,0.9278,nan,nan,nan
123,2305.0845,733.91,88,0.1463,918.8062,0.9321,nan,nan,nan
124,2236.9407,716.41,91,0.1463,909.5447,0.9159,nan,nan,nan
125,1922.1300,624.10,112,0.1462,884.0116,0.8960,nan,nan,nan
126,2765.8443,872.41,73,0.1462,921.8997,0.9410,nan,nan,nan
127,1779.4008,574.23,115,0.1461,901.7888,0.9114,nan,nan,nan
128,2129.7725,680.15,110,0.1461,894.7222,0.9195,nan,nan,nan
129,1963.6334,629.27,83,0.1461,915.0995,0.9379,nan,nan,nan
130,2078.0689,664.91,88,0.1461,910.6083,0.9287,nan,nan,nan
131,2273.3151,724.97,107,0.1461,892.5490,0.9095,nan,nan,nan
132,2637.6790,839.10,73,0.1461,909.4952,0.9399,nan,nan,nan
133,1900.4752,611.80,102,0.1461,892.7432,0.9107,nan,nan,nan
134,1875.9639,609.73,115,0.1460,882.4801,0.8959,nan,nan,nan
135,3131.8541,985.64,74,0.1460,910.9624,0.9410,nan,nan,nan
136,2253.0636,714.75,72,0.1461,913.7189,0.9474,nan,nan,nan
137,2178.7156,693.43,107,0.1462,891.0613,0.9184,nan,nan,nan
138,1432.1969,471.73,160,0.1462,839.5984,0.8654,nan,nan,nan
139,1230.8111,411.84,119,0.1461,879.0951,0.9042,nan,nan,nan
140,1902.3745,617.21,97,0.1461,879.9016,0.9040,nan,nan,nan
141,2328.6225,744.40,118,0.1460,870.8881,0.9010,nan,nan,nan
142,1410.2903,470.64,103,0.1460,877.9429,0.8991,nan,nan,nan
143,2073.0705,670.38,104,0.1459,871.1041,0.9015,nan,nan,nan
144,2164.8454,695.98,108,0.1459,872.4130,0.8985,nan,nan,nan
145,1904.8127,609.14,86,0.1459,901.2969,0.9397,nan,nan,nan
146,2615.9499,831.03,89,0.1458,878.9628,0.9198,nan,nan,nan
147,2106.9547,674.70,111,0.1456,873.2671,0.9088,nan,nan,nan
148,2197.9759,700.03,74,0.1456,899.8080,0.9446,nan,nan,nan
149,2019.5240,650.10,96,0.1456,875.4902,0.9173,nan,nan,nan
150,2297.2732,731.89,124,0.1454,853.5774,0.8931,nan,nan,nan
151,1279.2811,433.72,106,0.1450,865.2852,0.8977,nan,nan,nan
152,2927.5836,925.43,76,0.1447,883.6721,0.9322,nan,nan,nan
153,2256.8143,720.96,81,0.1447,888.5026,0.9342,nan,nan,nan
154,2642.5685,830.50,84,0.1446,884.3756,0.9350,nan,nan,nan
155,2067.7671,663.78,94,0.1445,879.5115,0.9353,nan,nan,nan
156,2923.4364,920.41,76,0.1445,880.1923,0.9276,nan,nan,nan
157,1844.1417,603.45,106,0.1445,859.4203,0.8980,nan,nan,nan
158,2227.9307,711.15,105,0.1445,864.2971,0.9183,nan,nan,nan
159,2703.3679,847.09,56,0.1446,901.2971,0.9641,nan,nan,nan
160,2691.1710,854.17,75,0.1446,878.5769,0.9375,nan,nan,nan
161,3614.0968,1128.97,75,0.1446,878.6869,0.9388,nan,nan,nan
162,1547.2824,511.59,80,0.1447,870.6357,0.9208,nan,nan,nan
163,2784.8483,878.63,87,0.1447,874.0829,0.9341,nan,nan,nan
164,2723.7959,856.88,89,0.1447,869.4127,0.9314,nan,nan,nan
165,1957.9977,639.74,68,0.1447,880.5787,0.9362,nan,nan,nan
166,2583.5535,817.78,90,0.1446,860.6042,0.9269,nan,nan,nan
167,2167.5637,694.64,108,0.1446,848.2252,0.9100,nan,nan,nan
168,1693.8698,547.04,115,0.1447,852.4074,0.9131,nan,nan,nan
169,2138.9956,687.39,100,0.1447,855.0273,0.9109,nan,nan,nan
170,2107.4205,672.78,87,0.1447,859.7762,0.9298,nan,nan,nan
171,2885.0108,908.82,77,0.1446,866.7912,0.9432,nan,nan,nan
172,2307.3345,738.15,93,0.1445,848.8417,0.9173,nan,nan,nan
173,3564.4211,1119.04,48,0.1444,878.8209,0.9576,nan,nan,nan
174,2113.8594,682.90,92,0.1443,846.9379,0.9139,nan,nan,nan
175,2417.3295,769.47,105,0.1443,843.8109,0.9130,nan,nan,nan
176,3472.0335,1076.40,52,0.1443,881.1747,0.9730,nan,nan,nan
177,2409.4091,766.17,84,0.1443,855.2814,0.9313,nan,nan,nan
178,2503.2703,789.58,101,0.1443,854.7140,0.9286,nan,nan,nan
179,2237.7014,707.81,77,0.1442,863.4473,0.9451,nan,nan,nan
180,2302.9762,734.60,88,0.1441,853.8699,0.9288,nan,nan,nan
181,1933.8510,623.72,127,0.1441,820.4701,0.8959,nan,nan,nan
182,1975.4397,639.86,83,0.1440,844.2362,0.9239,nan,nan,nan
183,2441.1169,780.48,75,0.1440,844.2804,0.9259,nan,nan,nan
184,3792.4190,1182.85,61,0.1439,852.9666,0.9509,nan,nan,nan
185,2186.9479,705.28,98,0.1439,835.0733,0.9088,nan,nan,nan
186,2804.8109,875.85,61,0.1438,869.3545,0.9683,nan,nan,nan
187,2721.4898,854.38,89,0.1438,844.1294,0.9354,nan,nan,nan
188,2508.6468,798.27,81,0.1437,844.6780,0.9346,nan,nan,nan
189,2609.2726,821.22,74,0.1436,847.7413,0.9493,nan,nan,nan
190,2375.4956,762.94,90,0.1436,825.0941,0.9116,nan,nan,nan
191,2231.3865,715.29,109,0.1436,824.6171,0.8995,nan,nan,nan
192,2137.0302,685.07,76,0.1436,844.2902,0.9385,nan,nan,nan
193,2209.8748,710.22,106,0.1436,818.8419,0.8982,nan,nan,nan
194,1941.5398,633.66,116,0.1436,806.7628,0.8766,nan,nan,nan
195,1775.1046,586.60,87,0.1435,822.0235,0.9043,nan,nan,nan
196,2323.3533,743.48,83,0.1434,832.8984,0.9166,nan,nan,nan
197,2703.7455,857.03,90,0.1434,828.5452,0.9319,nan,nan,nan
198,3009.6478,941.48,67,0.1433,840.0139,0.9485,nan,nan,nan
199,2207.8653,707.01,74,0.1433,833.4647,0.9402,nan,nan,nan
200,1629.1626,529.40,164,0.1433,800.3034,0.8753,nan,nan,nan
201,2383.6915,757.06,68,0.1433,842.5800,0.9450,nan,nan,nan
202,2122.9258,679.53,72,0.1431,830.8362,0.9416,nan,nan,nan
203,2532.4969,800.99,120,0.1430,810.8746,0.9112,nan,nan,nan
204,1528.1333,501.86,115,0.1430,814.7469,0.9049,nan,nan,nan
205,2383.4417,756.25,64,0.1430,833.4886,0.9493,nan,nan,nan
206,2740.4363,865.76,92,0.1431,823.0069,0.9245,nan,nan,nan
207,2026.1280,657.17,106,0.1430,803.3821,0.8967,nan,nan,nan
208,3084.6590,965.29,49,0.1429,842.3096,0.9664,nan,nan,nan
209,2378.4075,757.78,98,0.1428,807.3615,0.9092,nan,nan,nan
210,2413.4900,775.13,101,0.1428,803.6309,0.9013,nan,nan,nan
211,2605.4002,822.79,66,0.1429,830.4891,0.9518,nan,nan,nan
212,2707.8984,853.94,71,0.1429,825.9677,0.9463,nan,nan,nan
213,1688.2553,547.49,140,0.1429,796.0784,0.8906,nan,nan,nan
214,2101.4525,672.04,92,0.1429,811.4299,0.9300,nan,nan,nan
215,3264.9795,1025.95,40,0.1429,835.5839,0.9666,nan,nan,nan
216,3214.6101,1005.64,94,0.1429,805.3360,0.9257,nan,nan,nan
217,2329.5843,748.01,96,0.1428,803.1887,0.9138,nan,nan,nan
218,2527.3613,803.71,48,0.1427,833.3558,0.9608,nan,nan,nan
219,2670.6689,848.85,91,0.1426,798.9203,0.9183,nan,nan,nan
220,2307.0504,733.33,106,0.1427,796.4592,0.9133,nan,nan,nan
221,1756.7116,572.05,82,0.1427,808.3688,0.9324,nan,nan,nan
222,2171.7420,690.57,117,0.1427,796.1031,0.9177,nan,nan,nan
223,2101.5992,670.66,97,0.1426,802.5613,0.9285,nan,nan,nan
224,2736.7663,864.76,63,0.1426,811.1635,0.9498,nan,nan,nan
225,3277.9111,1022.60,77,0.1425,810.1690,0.9534,nan,nan,nan
226,2961.8330,932.10,58,0.1425,815.0486,0.9524,nan,nan,nan
227,2182.1132,698.05,84,0.1424,800.0222,0.9312,nan,nan,nan
228,2443.4460,777.88,112,0.1424,787.8970,0.9058,nan,nan,nan
229,1677.4969,547.15,105,0.1424,788.8177,0.9083,nan,nan,nan
230,2290.5430,735.20,80,0.1424,791.7557,0.9240,nan,nan,nan
231,2902.4786,913.56,77,0.1424,797.6861,0.9419,nan,nan,nan
232,2332.1642,742.51,87,0.1424,794.1002,0.9260,nan,nan,nan
233,2257.4901,724.46,99,0.1425,782.4661,0.9063,nan,nan,nan
234,2285.2130,728.75,76,0.1425,793.0163,0.9413,nan,nan,nan
235,2698.2198,852.44,86,0.1424,792.7830,0.9331,nan,nan,nan
236,2322.4512,740.55,83,0.1423,786.0807,0.9246,nan,nan,nan
237,2741.4198,872.29,70,0.1423,802.2582,0.9416,nan,nan,nan
238,2753.2599,868.77,88,0.1422,792.6797,0.9292,nan,nan,nan
239,2718.1269,860.73,71,0.1421,785.9921,0.9322,nan,nan,nan
240,1356.5915,454.74,138,0.1420,754.0688,0.8662,nan,nan,nan
241,2320.6861,739.35,105,0.1420,783.5837,0.9200,nan,nan,nan
242,2068.1600,667.58,74,0.1417,786.3884,0.9308,nan,nan,nan
243,2163.9813,690.18,94,0.1416,780.1636,0.9243,nan,nan,nan
244,2041.4408,653.96,135,0.1415,764.9307,0.9024,nan,nan,nan
245,3345.9728,1042.81,36,0.1415,805.9293,0.9725,nan,nan,nan
246,2139.5850,687.18,100,0.1414,772.1484,0.9131,nan,nan,nan
247,2251.2521,716.99,131,0.1413,749.7484,0.8854,nan,nan,nan
248,1693.8452,569.84,55,0.1412,792.4656,0.9397,nan,nan,nan
249,1908.7485,615.95,107,0.1412,757.7878,0.9068,nan,nan,nan
250,2538.8714,811.10,116,0.1411,750.4100,0.8853,nan,nan,nan
251,1334.7267,451.68,94,0.1410,766.2434,0.8999,nan,nan,nan
252,3103.4450,976.15,65,0.1410,784.3732,0.9513,nan,nan,nan
253,4034.6070,1251.82,62,0.1411,782.8565,0.9546,nan,nan,nan
254,1878.5000,609.77,104,0.1411,753.5120,0.9074,nan,nan,nan
255,2014.4814,648.52,93,0.1411,766.0474,0.9236,nan,nan,nan
256,2451.2282,777.45,91,0.1411,765.3910,0.9284,nan,nan,nan
257,2467.6682,779.82,74,0.1410,777.6927,0.9480,nan,nan,nan
258,2539.2063,808.44,88,0.1410,757.0916,0.9173,nan,nan,nan
259,2099.3663,677.52,97,0.1410,758.8095,0.9143,nan,nan,nan
260,3172.0271,996.56,57,0.1411,780.8645,0.9537,nan,nan,nan
261,2819.8034,886.15,75,0.1412,771.2672,0.9426,nan,nan,nan
262,2161.1263,690.83,108,0.1412,754.6285,0.9130,nan,nan,nan
263,1801.5595,588.41,109,0.1412,744.0795,0.8978,nan,nan,nan
264,3211.6371,1002.15,66,0.1412,770.7081,0.9576,nan,nan,nan
265,1861.0880,604.11,110,0.1413,742.2446,0.8982,nan,nan,nan
266,1488.0397,491.06,160,0.1413,716.0744,0.8526,nan,nan,nan
267,1650.3488,545.47,75,0.1413,758.8004,0.9243,nan,nan,nan
268,2169.4196,700.38,99,0.1413,739.5286,0.9040,nan,nan,nan
269,2558.2417,810.95,95,0.1414,747.0095,0.9186,nan,nan,nan
270,2019.3500,648.16,96,0.1414,748.7266,0.9234,nan,nan,nan
271,2494.0552,796.88,77,0.1413,750.1904,0.9213,nan,nan,nan
272,3017.4822,953.67,67,0.1413,754.4608,0.9393,nan,nan,nan
273,2585.5748,819.98,94,0.1412,749.0305,0.9282,nan,nan,nan
274,2459.4511,783.29,70,0.1412,760.0099,0.9412,nan,nan,nan
275,2117.7998,677.94,96,0.1412,741.9925,0.9192,nan,nan,nan
276,2286.7818,730.67,102,0.1412,745.1976,0.9154,nan,nan,nan
277,2497.8889,790.85,65,0.1412,761.1878,0.9515,nan,nan,nan
278,2342.2715,748.11,100,0.1412,729.0242,0.9113,nan,nan,nan
279,2652.8801,841.87,84,0.1413,742.9962,0.9279,nan,nan,nan
280,1657.9712,544.54,100,0.1413,729.7359,0.9073,nan,nan,nan
281,2343.7309,746.37,104,0.1413,733.3793,0.9156,nan,nan,nan
282,2651.8272,835.56,80,0.1412,749.9323,0.9422,nan,nan,nan
283,3117.7491,977.24,58,0.1412,755.9917,0.9587,nan,nan,nan
284,2628.6921,833.57,81,0.1411,737.5092,0.9291,nan,nan,nan
285,3040.7871,957.40,73,0.1411,743.3908,0.9422,nan,nan,nan
286,2297.0711,731.31,75,0.1410,740.6041,0.9360,nan,nan,nan
287,2610.7125,825.55,93,0.1410,738.7113,0.9350,nan,nan,nan
288,2402.0519,758.21,80,0.1409,744.4713,0.9451,nan,nan,nan
289,2391.5101,764.43,72,0.1408,736.7956,0.9296,nan,nan,nan
290,3029.7362,956.76,80,0.1407,732.0504,0.9271,nan,nan,nan
291,2502.9954,796.92,85,0.1407,734.7117,0.9314,nan,nan,nan
292,3184.2863,994.97,60,0.1407,749.6222,0.9605,nan,nan,nan
293,2558.4409,808.57,83,0.1407,734.2346,0.9404,nan,nan,nan
294,2430.1398,771.50,96,0.1406,726.0767,0.9242,nan,nan,nan
295,2604.5563,829.10,70,0.1405,727.4958,0.9304,nan,nan,nan
296,2331.6500,742.40,87,0.1404,727.0979,0.9341,nan,nan,nan
297,2525.5415,799.27,104,0.1405,716.5975,0.9144,nan,nan,nan
298,2414.7130,770.73,59,0.1405,739.6279,0.9545,nan,nan,nan
299,3247.8645,1012.04,56,0.1404,742.0117,0.9665,nan,nan,nan
300,2214.7465,706.78,124,0.1405,704.0606,0.9032,nan,nan,nan
301,2400.3124,760.05,76,0.1405,729.8765,0.9388,nan,nan,nan
302,2189.9596,704.39,84,0.1406,722.1887,0.9237,nan,nan,nan
303,2370.5510,754.12,111,0.1405,705.0154,0.9064,nan,nan,nan
304,2369.5497,749.07,73,0.1405,729.5889,0.9573,nan,nan,nan
305,2573.2646,818.90,63,0.1404,727.3847,0.9402,nan,nan,nan
306,2189.6988,699.16,121,0.1404,696.4585,0.9074,nan,nan,nan
307,2374.5328,756.12,81,0.1405,714.0012,0.9307,nan,nan,nan
308,3701.9420,1154.13,38,0.1405,737.4009,0.9737,nan,nan,nan
309,3277.8227,1022.61,92,0.1405,709.9425,0.9352,nan,nan,nan
310,2309.6849,744.23,75,0.1405,709.7385,0.9199,nan,nan,nan
311,2506.9661,810.20,65,0.1404,710.5367,0.9231,nan,nan,nan
312,2082.2824,671.76,132,0.1403,682.9589,0.8758,nan,nan,nan
313,1731.5196,563.62,101,0.1403,701.1425,0.9174,nan,nan,nan
314,2284.6132,725.15,71,0.1403,717.8852,0.9478,nan,nan,nan
315,3852.4266,1191.75,65,0.1403,724.5471,0.9648,nan,nan,nan
316,2422.1539,771.90,92,0.1403,699.6452,0.9203,nan,nan,nan
317,2002.0333,645.15,82,0.1403,705.7460,0.9341,nan,nan,nan
318,3941.8350,1219.11,66,0.1404,718.2397,0.9631,nan,nan,nan
319,1913.0871,618.87,91,0.1404,697.0780,0.9169,nan,nan,nan
320,1955.3673,635.46,115,0.1405,683.0193,0.8898,nan,nan,nan
321,2992.7068,947.02,64,0.1404,711.1592,0.9382,nan,nan,nan
322,2189.1610,701.61,84,0.1402,697.5945,0.9294,nan,nan,nan
323,3774.8309,1173.35,69,0.1401,708.8157,0.9520,nan,nan,nan
324,2534.9341,809.18,68,0.1401,700.0978,0.9268,nan,nan,nan
325,2507.9160,797.42,77,0.1400,706.0185,0.9467,nan,nan,nan
326,2342.1353,741.50,113,0.1399,686.4528,0.9154,nan,nan,nan
327,1644.3688,539.88,94,0.1398,692.6635,0.9146,nan,nan,nan
328,2345.2280,750.01,91,0.1397,686.6512,0.9091,nan,nan,nan
329,2276.2472,733.59,90,0.1397,683.4604,0.9148,nan,nan,nan
330,2355.4782,752.68,78,0.1397,692.5448,0.9324,nan,nan,nan
331,1925.1053,622.15,117,0.1398,674.4286,0.8953,nan,nan,nan
332,2388.9722,760.37,98,0.1398,682.8561,0.9249,nan,nan,nan
333,1725.4072,559.38,95,0.1397,689.8152,0.9189,nan,nan,nan
334,2056.4212,659.99,109,0.1397,682.6515,0.9161,nan,nan,nan
335,2254.9800,715.80,99,0.1397,682.3521,0.9273,nan,nan,nan
336,1681.9671,551.74,86,0.1397,680.5886,0.9214,nan,nan,nan
337,2888.0227,910.87,84,0.1396,684.0260,0.9291,nan,nan,nan
338,2337.9348,745.20,87,0.1395,681.1603,0.9213,nan,nan,nan
339,1995.1583,648.17,92,0.1395,678.1643,0.9117,nan,nan,nan
340,2661.4978,842.64,95,0.1395,681.9551,0.9232,nan,nan,nan
341,2960.7679,930.78,51,0.1395,702.8559,0.9645,nan,nan,nan
342,2820.5920,881.79,75,0.1396,691.7977,0.9514,nan,nan,nan
343,2340.1873,740.32,108,0.1396,675.1381,0.9228,nan,nan,nan
344,2755.4678,872.03,66,0.1396,690.3412,0.9505,nan,nan,nan
345,2468.8743,784.65,78,0.1396,680.7227,0.9322,nan,nan,nan
346,3188.8624,1001.13,79,0.1396,678.0546,0.9336,nan,nan,nan
347,1785.5488,580.00,104,0.1395,665.7368,0.9151,nan,nan,nan
348,2572.0581,812.06,67,0.1394,682.3980,0.9483,nan,nan,nan
349,1806.3285,582.58,119,0.1393,661.7206,0.9096,nan,nan,nan
350,2844.9995,889.46,96,0.1392,674.2418,0.9466,nan,nan,nan
351,2804.5345,876.04,54,0.1391,691.1956,0.9697,nan,nan,nan
352,1967.6815,633.82,99,0.1391,661.5534,0.9148,nan,nan,nan
353,2356.9811,746.22,112,0.1390,663.4370,0.9220,nan,nan,nan
354,2443.2857,779.62,58,0.1387,670.5093,0.9335,nan,nan,nan
355,3047.3664,961.54,63,0.1386,681.3956,0.9621,nan,nan,nan
356,2494.9374,792.06,118,0.1386,644.1069,0.9015,nan,nan,nan
357,3796.9020,1181.81,37,0.1386,689.8853,0.9728,nan,nan,nan
358,2275.6656,727.64,85,0.1385,664.8995,0.9284,nan,nan,nan
359,2429.8876,769.23,117,0.1384,646.4648,0.9055,nan,nan,nan
360,1572.9263,527.32,99,0.1384,644.7541,0.8890,nan,nan,nan
361,2035.7771,650.51,95,0.1385,658.7667,0.9206,nan,nan,nan
362,1753.1422,577.70,141,0.1386,619.5147,0.8414,nan,nan,nan
363,1697.5260,556.08,97,0.1386,659.2668,0.9233,nan,nan,nan
364,2003.7736,646.18,92,0.1385,655.6971,0.9186,nan,nan,nan
365,2312.2391,742.74,97,0.1386,644.0162,0.9029,nan,nan,nan
366,1687.8724,551.48,135,0.1386,630.4479,0.8817,nan,nan,nan
367,1936.9026,625.89,74,0.1386,663.2200,0.9375,nan,nan,nan
368,1917.7361,620.84,112,0.1385,640.9333,0.8962,nan,nan,nan
369,2373.0908,758.82,107,0.1385,641.0312,0.9010,nan,nan,nan
370,1685.9965,556.75,91,0.1385,645.9814,0.8980,nan,nan,nan
371,3855.1791,1199.33,52,0.1384,672.6238,0.9681,nan,nan,nan
372,2231.4347,713.54,96,0.1385,646.0537,0.9219,nan,nan,nan
373,2658.2856,843.34,80,0.1385,645.3106,0.9205,nan,nan,nan
374,2251.4713,725.49,77,0.1384,652.5042,0.9307,nan,nan,nan
375,1991.2525,642.30,128,0.1384,627.8245,0.8845,nan,nan,nan
376,2312.5096,739.48,79,0.1383,651.9783,0.9321,nan,nan,nan
377,2800.9872,883.85,65,0.1383,659.9896,0.9506,nan,nan,nan
378,2301.0396,733.23,106,0.1384,635.4437,0.9123,nan,nan,nan
379,2409.0112,762.32,84,0.1385,649.7469,0.9384,nan,nan,nan
380,1842.4728,602.66,89,0.1386,637.8820,0.9109,nan,nan,nan
381,2563.6221,807.71,103,0.1385,634.6208,0.9276,nan,nan,nan
382,2207.9652,700.80,83,0.1385,647.2604,0.9396,nan,nan,nan
383,2026.6288,653.28,86,0.1384,641.5136,0.9274,nan,nan,nan
384,2847.6984,896.83,96,0.1384,631.8713,0.9257,nan,nan,nan
385,1900.2998,610.76,86,0.1384,644.6727,0.9380,nan,nan,nan
386,2307.6923,731.73,66,0.1383,650.7477,0.9520,nan,nan,nan
387,2663.1502,840.76,110,0.1383,626.0090,0.9145,nan,nan,nan
388,1960.9160,637.65,84,0.1382,628.3769,0.9174,nan,nan,nan
389,2267.5969,727.69,81,0.1382,634.8001,0.9251,nan,nan,nan
390,2933.6378,918.45,86,0.1382,640.7437,0.9446,nan,nan,nan
391,2491.1973,788.84,73,0.1382,647.3150,0.9502,nan,nan,nan
392,1882.0159,611.17,98,0.1382,623.0133,0.9081,nan,nan,nan
393,2582.0760,815.20,94,0.1380,630.5057,0.9292,nan,nan,nan
394,2057.5048,655.52,104,0.1380,627.9479,0.9303,nan,nan,nan
395,2354.0786,753.91,78,0.1379,629.2974,0.9278,nan,nan,nan
396,1633.3130,538.29,126,0.1379,606.1472,0.8715,nan,nan,nan
397,2108.2613,672.64,106,0.1377,623.0577,0.9185,nan,nan,nan
398,1926.3500,623.74,85,0.1375,625.8402,0.9250,nan,nan,nan
399,2921.2744,921.61,76,0.1375,628.7078,0.9330,nan,nan,nan
400,2269.1060,722.69,103,0.1374,622.8544,0.9231,nan,nan,nan
401,2925.8658,922.07,55,0.1374,637.9374,0.9497,nan,nan,nan
402,1866.7342,603.35,132,0.1375,605.5563,0.8947,nan,nan,nan
403,1796.6017,588.17,143,0.1375,587.8041,0.8521,nan,nan,nan
404,1170.6470,401.07,81,0.1375,620.7011,0.9182,nan,nan,nan
405,2924.1339,913.36,76,0.1375,629.7595,0.9566,nan,nan,nan
406,2417.0845,770.16,105,0.1376,605.0762,0.9054,nan,nan,nan
407,2178.4914,701.71,75,0.1375,622.1437,0.9350,nan,nan,nan
408,2878.8630,901.09,70,0.1375,629.4276,0.9578,nan,nan,nan
409,2327.7874,745.34,105,0.1374,606.1373,0.8974,nan,nan,nan
410,1830.7513,594.17,101,0.1374,609.0205,0.9165,nan,nan,nan
411,2604.8292,825.23,70,0.1374,622.0864,0.9377,nan,nan,nan
412,2759.7772,871.14,77,0.1374,622.4960,0.9449,nan,nan,nan
413,1886.6523,608.71,103,0.1374,605.7007,0.9112,nan,nan,nan
414,2390.7572,756.42,93,0.1374,615.2464,0.9368,nan,nan,nan
415,2865.3545,899.52,67,0.1374,618.9357,0.9430,nan,nan,nan
416,2122.5711,681.80,101,0.1373,606.5463,0.9234,nan,nan,nan
417,2938.6847,927.73,79,0.1373,607.8282,0.9296,nan,nan,nan
418,2132.1631,684.97,76,0.1372,617.3457,0.9333,nan,nan,nan
419,2130.6928,681.36,115,0.1372,594.3796,0.9072,nan,nan,nan
420,2699.8443,858.79,75,0.1371,608.2167,0.9315,nan,nan,nan
421,2309.6298,745.65,66,0.1370,609.4710,0.9292,nan,nan,nan
422,2214.5472,707.85,124,0.1369,588.2759,0.8949,nan,nan,nan
423,2122.1419,679.11,101,0.1369,599.2034,0.9170,nan,nan,nan
424,2181.2319,691.81,70,0.1368,618.1316,0.9570,nan,nan,nan
425,3087.2157,966.17,78,0.1367,611.4174,0.9428,nan,nan,nan
426,2201.4177,705.71,97,0.1367,599.2912,0.9165,nan,nan,nan
427,2352.7294,745.54,82,0.1367,602.4266,0.9382,nan,nan,nan
428,2437.2223,771.79,75,0.1367,610.3976,0.9488,nan,nan,nan
429,2242.3686,716.03,118,0.1366,585.4622,0.9014,nan,nan,nan
430,2016.4433,646.85,81,0.1366,603.9702,0.9373,nan,nan,nan
431,2303.7696,732.61,84,0.1366,597.5425,0.9214,nan,nan,nan
432,2202.0601,711.62,121,0.1366,576.6073,0.8874,nan,nan,nan
433,1949.1804,626.06,68,0.1365,606.9271,0.9486,nan,nan,nan
434,2444.9417,780.37,83,0.1365,594.6251,0.9274,nan,nan,nan
435,3268.5544,1024.14,77,0.1365,597.0565,0.9313,nan,nan,nan
436,2273.1996,730.11,76,0.1366,597.1740,0.9337,nan,nan,nan
437,2449.4125,776.34,91,0.1366,593.5868,0.9314,nan,nan,nan
438,2668.5670,840.54,87,0.1366,597.6894,0.9359,nan,nan,nan
439,1713.3196,561.78,96,0.1365,585.7836,0.9096,nan,nan,nan
440,3084.4585,965.15,75,0.1365,598.1315,0.9480,nan,nan,nan
441,2835.4865,899.28,64,0.1365,601.1743,0.9450,nan,nan,nan
442,3307.1573,1035.87,70,0.1365,600.6111,0.9468,nan,nan,nan
443,2163.8437,695.04,80,0.1365,588.4299,0.9226,nan,nan,nan
444,2395.7435,769.42,93,0.1366,581.2706,0.9028,nan,nan,nan
445,2057.1935,662.40,104,0.1366,580.2260,0.9112,nan,nan,nan
446,2322.7166,740.05,87,0.1366,586.6776,0.9268,nan,nan,nan
447,2498.9459,793.62,81,0.1366,588.3085,0.9351,nan,nan,nan
448,2861.7219,903.01,81,0.1366,585.3862,0.9228,nan,nan,nan
449,2563.3043,817.03,75,0.1366,591.1318,0.9405,nan,nan,nan
450,1978.9269,638.24,93,0.1365,575.8878,0.9146,nan,nan,nan
451,2005.1957,645.85,112,0.1364,573.1605,0.9087,nan,nan,nan
452,3398.9621,1060.05,62,0.1363,594.1064,0.9576,nan,nan,nan
453,1782.6642,576.20,81,0.1363,581.0365,0.9307,nan,nan,nan
454,2361.2363,747.83,116,0.1363,571.7253,0.9185,nan,nan,nan
455,2067.7652,669.87,89,0.1362,576.3216,0.9182,nan,nan,nan
456,2858.1959,905.03,67,0.1362,586.5052,0.9417,nan,nan,nan
457,2477.9894,785.63,94,0.1362,575.6340,0.9248,nan,nan,nan
458,2596.8600,823.44,78,0.1362,582.3703,0.9359,nan,nan,nan
459,2828.6318,891.90,68,0.1361,585.1270,0.9493,nan,nan,nan
460,3035.0346,952.86,73,0.1361,580.4504,0.9428,nan,nan,nan
461,2384.3899,759.15,85,0.1360,575.9463,0.9283,nan,nan,nan
462,2782.3319,882.30,80,0.1359,576.9940,0.9316,nan,nan,nan
463,1626.5503,533.18,108,0.1359,557.2450,0.8937,nan,nan,nan
464,1918.7652,616.47,128,0.1359,558.1485,0.9083,nan,nan,nan
465,2064.4464,664.44,89,0.1359,568.2386,0.9226,nan,nan,nan
466,2925.5615,925.69,62,0.1359,577.4298,0.9383,nan,nan,nan
467,2613.9739,825.52,93,0.1359,572.2036,0.9341,nan,nan,nan
468,3005.7945,944.43,67,0.1359,577.9307,0.9479,nan,nan,nan
469,2136.1585,692.22,67,0.1359,571.4586,0.9333,nan,nan,nan
470,1672.1001,544.75,154,0.1358,539.1611,0.8705,nan,nan,nan
471,2318.4809,735.59,96,0.1358,569.1920,0.9294,nan,nan,nan
472,1787.0912,578.86,69,0.1357,572.8632,0.9365,nan,nan,nan
473,2888.6133,911.30,91,0.1357,561.3154,0.9208,nan,nan,nan
474,3490.7654,1091.42,72,0.1356,575.2039,0.9514,nan,nan,nan
475,2216.8097,704.68,50,0.1356,583.5482,0.9675,nan,nan,nan
476,2484.9298,785.83,114,0.1356,554.6038,0.9077,nan,nan,nan
477,1967.3956,632.82,104,0.1355,555.7766,0.9194,nan,nan,nan
478,3089.0802,970.41,49,0.1353,578.1082,0.9660,nan,nan,nan
479,2558.8411,814.95,75,0.1352,563.6642,0.9287,nan,nan,nan
480,2334.2118,744.73,126,0.1351,541.3776,0.8881,nan,nan,nan
481,1482.5796,489.17,98,0.1351,553.1926,0.9132,nan,nan,nan
482,2110.8764,679.65,92,0.1350,552.3207,0.9148,nan,nan,nan
483,2130.7703,686.44,129,0.1349,538.1903,0.8822,nan,nan,nan
484,1715.6364,555.42,84,0.1349,558.7335,0.9321,nan,nan,nan
485,2236.6185,717.83,82,0.1349,556.2618,0.9267,nan,nan,nan
486,2531.4372,805.85,108,0.1349,547.6023,0.9065,nan,nan,nan
487,1860.4412,602.24,83,0.1348,553.7552,0.9251,nan,nan,nan
488,2336.2512,747.19,74,0.1348,557.1321,0.9339,nan,nan,nan
489,3000.3523,944.68,101,0.1348,545.5873,0.9128,nan,nan,nan
490,2172.6800,706.51,61,0.1348,560.4612,0.9389,nan,nan,nan
491,3063.1721,960.57,69,0.1348,558.2379,0.9439,nan,nan,nan
492,1977.5193,641.06,124,0.1348,531.2371,0.8796,nan,nan,nan
493,1817.3450,588.88,107,0.1347,544.4739,0.9120,nan,nan,nan
494,3912.1560,1217.39,41,0.1346,569.7584,0.9674,nan,nan,nan
495,2992.0511,942.00,74,0.1346,556.3090,0.9409,nan,nan,nan
496,2013.0680,652.24,127,0.1345,526.0484,0.8770,nan,nan,nan
497,2256.9858,719.81,63,0.1344,560.1984,0.9527,nan,nan,nan
498,2078.2253,662.65,93,0.1343,545.3410,0.9288,nan,nan,nan
499,2282.2285,726.42,120,0.1343,535.9058,0.9105,nan,nan,nan
500,1447.9036,478.01,122,0.1343,528.5150,0.8911,nan,nan,nan
501,1863.6929,602.48,94,0.1343,541.9199,0.9228,nan,nan,nan
502,2693.7604,850.46,94,0.1343,538.8704,0.9294,nan,nan,nan
503,2794.8612,883.28,65,0.1343,550.7242,0.9448,nan,nan,nan
504,2640.4252,839.56,73,0.1343,546.2289,0.9380,nan,nan,nan
505,3062.5015,954.87,82,0.1344,548.6984,0.9477,nan,nan,nan
506,2115.2427,679.73,77,0.1344,546.9583,0.9356,nan,nan,nan
507,2449.6011,772.56,87,0.1344,543.3473,0.9406,nan,nan,nan
508,2000.6722,644.79,112,0.1343,527.5644,0.9019,nan,nan,nan
509,2280.6595,731.19,80,0.1344,541.9450,0.9269,nan,nan,nan
510,2558.3411,807.23,83,0.1344,543.7915,0.9385,nan,nan,nan
511,1934.7930,626.26,117,0.1343,516.1776,0.8934,nan,nan,nan
512,2370.0371,759.84,82,0.1343,533.9829,0.9263,nan,nan,nan
513,3018.8155,949.88,60,0.1344,546.5908,0.9519,nan,nan,nan
514,2399.9616,764.52,97,0.1344,530.8860,0.9167,nan,nan,nan
515,2357.7134,753.22,86,0.1344,532.1730,0.9192,nan,nan,nan
516,1630.1664,533.57,114,0.1343,521.2635,0.9016,nan,nan,nan
517,2800.6984,881.05,83,0.1343,534.7254,0.9340,nan,nan,nan
518,1529.9683,509.56,108,0.1343,520.3685,0.8913,nan,nan,nan
519,2560.9618,814.05,87,0.1343,530.3975,0.9263,nan,nan,nan
520,3580.7407,1115.20,56,0.1343,546.3112,0.9589,nan,nan,nan
521,2099.3197,667.70,92,0.1343,534.5896,0.9386,nan,nan,nan
522,2284.3653,726.64,107,0.1342,522.3427,0.9209,nan,nan,nan
523,2380.1634,757.07,81,0.1342,527.5771,0.9276,nan,nan,nan
524,2250.0425,722.20,86,0.1341,527.4025,0.9278,nan,nan,nan
525,2880.4174,903.56,91,0.1341,529.9695,0.9338,nan,nan,nan
526,2755.5118,868.60,53,0.1340,541.4918,0.9650,nan,nan,nan
527,3173.1655,1006.70,70,0.1340,525.4470,0.9203,nan,nan,nan
528,2297.4779,729.94,115,0.1338,519.7069,0.9134,nan,nan,nan
529,1858.2536,606.14,72,0.1338,526.3834,0.9312,nan,nan,nan
530,2410.0745,767.54,84,0.1338,527.2031,0.9278,nan,nan,nan
531,2723.7214,860.00,89,0.1338,524.9796,0.9341,nan,nan,nan
532,2172.1204,697.88,75,0.1339,524.2805,0.9299,nan,nan,nan
533,2797.4269,882.87,76,0.1339,525.3769,0.9405,nan,nan,nan
534,2315.6286,736.41,105,0.1338,518.6608,0.9169,nan,nan,nan
535,2946.0478,931.55,65,0.1337,530.6251,0.9453,nan,nan,nan
536,2455.8513,778.00,74,0.1337,526.9967,0.9433,nan,nan,nan
537,2072.4816,662.06,113,0.1337,508.7483,0.9088,nan,nan,nan
538,2031.7443,657.61,101,0.1337,507.0880,0.9013,nan,nan,nan
539,2809.0575,894.57,65,0.1337,521.9651,0.9414,nan,nan,nan
540,2911.8644,913.86,73,0.1336,524.1146,0.9512,nan,nan,nan
541,2645.7423,836.67,88,0.1336,515.2141,0.9277,nan,nan,nan
542,3149.3785,993.08,64,0.1337,523.7986,0.9444,nan,nan,nan
543,2107.6332,678.52,92,0.1337,511.4832,0.9152,nan,nan,nan
544,2024.7067,651.18,111,0.1336,502.6930,0.9066,nan,nan,nan
545,2398.8391,764.70,76,0.1335,515.4930,0.9360,nan,nan,nan
546,3286.1738,1028.46,52,0.1336,526.4841,0.9620,nan,nan,nan
547,3201.8044,1003.56,88,0.1337,514.5172,0.9322,nan,nan,nan
548,2181.9441,701.67,84,0.1337,509.9912,0.9226,nan,nan,nan
549,2972.0925,931.34,61,0.1336,522.3847,0.9589,nan,nan,nan
550,2890.6321,915.35,91,0.1336,500.9549,0.9089,nan,nan,nan
551,1538.5502,509.78,114,0.1336,500.0811,0.8886,nan,nan,nan
552,2166.2230,696.34,85,0.1335,511.3873,0.9281,nan,nan,nan
553,3157.2811,987.97,70,0.1334,520.2260,0.9543,nan,nan,nan
554,2472.8166,782.02,82,0.1334,510.3923,0.9399,nan,nan,nan
555,2255.1511,717.33,90,0.1333,505.8397,0.9288,nan,nan,nan
556,2904.3714,913.29,73,0.1334,514.3431,0.9492,nan,nan,nan
557,2858.2985,900.85,60,0.1334,515.7037,0.9536,nan,nan,nan
558,3614.8047,1128.57,61,0.1333,516.3820,0.9529,nan,nan,nan
559,2666.1666,842.97,87,0.1332,507.9841,0.9313,nan,nan,nan
560,2408.6550,762.92,80,0.1332,506.1109,0.9316,nan,nan,nan
561,1958.2804,635.35,104,0.1331,496.3950,0.9041,nan,nan,nan
562,2236.4298,716.88,100,0.1330,499.3476,0.9164,nan,nan,nan
563,3132.4631,982.44,61,0.1330,512.4455,0.9517,nan,nan,nan
564,3355.8092,1053.78,60,0.1330,506.7895,0.9410,nan,nan,nan
565,2641.7683,837.59,96,0.1329,499.3438,0.9205,nan,nan,nan
566,2808.2165,896.18,61,0.1329,507.0534,0.9360,nan,nan,nan
567,1993.1709,645.88,92,0.1329,497.3931,0.9154,nan,nan,nan
568,2866.5234,901.74,102,0.1330,494.0897,0.9229,nan,nan,nan
569,1901.2003,616.30,70,0.1329,505.1081,0.9374,nan,nan,nan
570,2369.0904,753.61,90,0.1328,495.9030,0.9226,nan,nan,nan
571,2974.2274,938.61,85,0.1327,499.5355,0.9343,nan,nan,nan
572,2281.5723,725.58,71,0.1327,505.1280,0.9458,nan,nan,nan
573,2923.6749,922.74,62,0.1327,506.2095,0.9470,nan,nan,nan
574,3000.4846,939.30,84,0.1326,498.6558,0.9450,nan,nan,nan
575,2524.7416,803.08,76,0.1324,498.8681,0.9341,nan,nan,nan
576,3064.2250,966.84,56,0.1323,503.4364,0.9513,nan,nan,nan
577,2530.6809,801.81,108,0.1322,486.3957,0.9139,nan,nan,nan
578,2474.8796,787.01,82,0.1321,494.3220,0.9332,nan,nan,nan
579,2013.1361,646.62,81,0.1321,494.4699,0.9345,nan,nan,nan
580,2120.2926,683.31,120,0.1321,474.0640,0.8780,nan,nan,nan
581,1297.8216,436.35,146,0.1320,466.2711,0.8658,nan,nan,nan
582,2099.7762,676.16,87,0.1319,490.0511,0.9193,nan,nan,nan
583,2383.4730,760.12,81,0.1319,490.2755,0.9289,nan,nan,nan
584,3215.8953,1013.51,72,0.1318,491.9281,0.9297,nan,nan,nan
585,1781.3852,581.83,87,0.1318,487.0677,0.9232,nan,nan,nan
586,3133.0936,982.88,74,0.1318,493.8360,0.9459,nan,nan,nan
587,2355.4302,752.37,86,0.1317,485.5402,0.9233,nan,nan,nan
588,2226.0109,713.08,87,0.1317,480.8351,0.9097,nan,nan,nan
589,2586.5154,823.07,90,0.1317,487.0424,0.9344,nan,nan,nan
590,2684.1653,847.69,64,0.1316,493.4256,0.9506,nan,nan,nan
591,2632.7299,833.75,73,0.1316,486.9864,0.9405,nan,nan,nan
592,2596.0877,820.49,105,0.1316,475.4273,0.9144,nan,nan,nan
593,2319.5995,742.56,70,0.1316,489.2974,0.9407,nan,nan,nan
594,2806.5615,886.07,72,0.1316,488.9528,0.9419,nan,nan,nan
595,2637.3154,827.08,96,0.1316,484.8070,0.9446,nan,nan,nan
596,2854.7575,895.85,53,0.1316,495.4605,0.9645,nan,nan,nan
597,3005.2669,943.71,77,0.1316,485.5126,0.9418,nan,nan,nan
598,2580.1161,819.58,106,0.1316,469.3733,0.9032,nan,nan,nan
599,1870.2642,615.34,77,0.1316,476.6625,0.9180,nan,nan,nan
600,2000.6062,644.03,102,0.1315,473.4038,0.9121,nan,nan,nan
601,1747.2870,572.29,124,0.1315,456.1064,0.8730,nan,nan,nan
602,1589.2592,523.04,137,0.1314,455.5872,0.8767,nan,nan,nan
603,2275.3564,729.71,77,0.1314,476.3755,0.9289,nan,nan,nan
604,2880.8354,909.27,70,0.1314,482.9142,0.9389,nan,nan,nan
605,3229.5104,1025.04,75,0.1314,472.9696,0.9204,nan,nan,nan
606,2232.4097,711.80,82,0.1313,479.5692,0.9403,nan,nan,nan
607,3299.2861,1031.69,61,0.1313,482.1595,0.9495,nan,nan,nan
608,2696.2157,849.44,75,0.1313,481.2968,0.9494,nan,nan,nan
609,3104.2235,975.85,68,0.1313,480.9316,0.9469,nan,nan,nan
610,2993.3223,937.50,74,0.1313,482.0770,0.9479,nan,nan,nan
611,1976.8866,638.58,88,0.1313,468.6967,0.9210,nan,nan,nan
612,3102.3417,972.55,78,0.1313,477.4425,0.9430,nan,nan,nan
613,2603.9342,826.40,70,0.1312,474.2646,0.9380,nan,nan,nan
614,2113.6845,681.11,97,0.1312,463.6479,0.9132,nan,nan,nan
615,2292.1381,731.55,102,0.1312,462.9761,0.9127,nan,nan,nan
616,2433.0374,776.20,71,0.1312,473.7811,0.9438,nan,nan,nan
617,2258.9065,721.36,90,0.1312,465.9740,0.9238,nan,nan,nan
618,1763.2088,574.94,128,0.1312,447.9386,0.8744,nan,nan,nan
619,2126.8276,688.03,91,0.1312,464.8100,0.9140,nan,nan,nan
620,2967.2993,928.78,68,0.1312,474.5946,0.9555,nan,nan,nan
621,2499.0245,791.66,85,0.1312,467.1917,0.9306,nan,nan,nan
622,1989.1971,645.97,118,0.1312,450.7906,0.8893,nan,nan,nan
623,2081.9887,670.57,93,0.1312,460.3997,0.9150,nan,nan,nan
624,2859.1050,904.02,60,0.1312,470.9984,0.9442,nan,nan,nan
625,2342.2083,746.37,104,0.1312,456.7731,0.9171,nan,nan,nan
626,2589.9744,820.35,82,0.1312,469.6977,0.9378,nan,nan,nan
627,3423.1149,1063.84,44,0.1312,480.1793,0.9712,nan,nan,nan
628,2511.5317,802.44,93,0.1312,455.3679,0.9108,nan,nan,nan
629,2480.9117,790.86,94,0.1312,454.3587,0.9152,nan,nan,nan
630,2406.1151,776.91,55,0.1311,468.0371,0.9440,nan,nan,nan
631,2685.8762,849.45,94,0.1310,455.4726,0.9193,nan,nan,nan
632,2957.7228,925.88,75,0.1310,470.2590,0.9533,nan,nan,nan
633,2853.3656,901.38,53,0.1309,469.8989,0.9544,nan,nan,nan
634,3311.5408,1044.87,82,0.1308,456.2632,0.9237,nan,nan,nan
635,2290.4061,726.58,93,0.1308,459.4887,0.9361,nan,nan,nan
636,2290.3062,739.89,62,0.1308,462.2720,0.9340,nan,nan,nan
637,3128.9015,976.39,77,0.1308,464.3542,0.9498,nan,nan,nan
638,1803.2072,583.15,125,0.1308,442.5042,0.8927,nan,nan,nan
639,1955.1714,639.08,95,0.1308,445.7068,0.9015,nan,nan,nan
640,3255.2059,1017.51,65,0.1308,464.8081,0.9552,nan,nan,nan
641,1855.5748,601.09,94,0.1308,448.5558,0.9113,nan,nan,nan
642,2194.4149,703.53,116,0.1308,444.3839,0.9064,nan,nan,nan
643,2245.5711,714.29,86,0.1307,455.3979,0.9370,nan,nan,nan
644,2294.6767,727.46,71,0.1307,461.2414,0.9492,nan,nan,nan
645,2791.3499,877.61,94,0.1307,454.7354,0.9334,nan,nan,nan
646,2068.3704,672.15,84,0.1306,446.8038,0.9038,nan,nan,nan
647,2234.0496,720.87,87,0.1306,446.7959,0.9142,nan,nan,nan
648,2403.0435,763.23,105,0.1306,447.5705,0.9205,nan,nan,nan
649,1692.8494,548.34,85,0.1305,454.5125,0.9364,nan,nan,nan
650,1941.7409,624.56,111,0.1305,441.8575,0.9117,nan,nan,nan
651,2263.1426,724.98,108,0.1305,440.8686,0.9033,nan,nan,nan
652,1607.6171,529.88,96,0.1305,439.2451,0.9078,nan,nan,nan
653,2611.6618,826.46,85,0.1305,450.5888,0.9322,nan,nan,nan
654,2196.1387,711.31,93,0.1305,436.9724,0.8982,nan,nan,nan
655,2133.2503,680.26,100,0.1305,444.4685,0.9253,nan,nan,nan
656,2532.2955,803.73,84,0.1304,449.0143,0.9301,nan,nan,nan
657,2355.9664,748.76,82,0.1304,451.1577,0.9402,nan,nan,nan
658,3147.9535,986.31,64,0.1303,453.2822,0.9488,nan,nan,nan
659,2568.4313,814.11,79,0.1302,449.7201,0.9422,nan,nan,nan
660,1840.6178,594.09,128,0.1302,432.0466,0.8960,nan,nan,nan
661,1897.7620,616.56,97,0.1301,437.6317,0.9092,nan,nan,nan
662,3467.2652,1083.90,58,0.1301,451.0465,0.9473,nan,nan,nan
663,2395.8259,760.29,89,0.1301,446.3372,0.9408,nan,nan,nan
664,2722.5004,862.56,89,0.1301,439.7612,0.9211,nan,nan,nan
665,1729.1599,566.50,101,0.1301,430.3057,0.8989,nan,nan,nan
666,1991.5799,645.62,103,0.1301,431.6947,0.8987,nan,nan,nan
667,1812.0900,593.78,125,0.1301,418.2593,0.8661,nan,nan,nan
668,2061.8912,662.73,79,0.1300,439.7507,0.9301,nan,nan,nan
669,1742.7241,569.85,112,0.1299,430.5649,0.9035,nan,nan,nan
670,2323.2796,741.87,105,0.1299,428.8640,0.9025,nan,nan,nan
671,1583.3842,522.47,92,0.1298,435.3986,0.9183,nan,nan,nan
672,3258.4967,1017.28,74,0.1297,442.1487,0.9486,nan,nan,nan
673,2270.8991,728.68,76,0.1297,438.5497,0.9314,nan,nan,nan
674,2339.6810,749.79,100,0.1297,427.2081,0.9041,nan,nan,nan
675,2997.5644,947.43,74,0.1296,438.6136,0.9327,nan,nan,nan
676,2497.1000,790.68,77,0.1296,439.3994,0.9356,nan,nan,nan
677,2754.6469,869.25,77,0.1296,441.2713,0.9490,nan,nan,nan
678,2915.9897,917.13,69,0.1296,442.4473,0.9477,nan,nan,nan
679,3294.3041,1029.20,55,0.1295,443.0488,0.9587,nan,nan,nan
680,2280.8611,722.17,107,0.1296,430.4672,0.9276,nan,nan,nan
681,2374.6122,752.43,94,0.1296,434.9897,0.9301,nan,nan,nan
682,2118.3580,679.64,67,0.1296,439.7737,0.9443,nan,nan,nan
683,2802.5967,889.24,94,0.1296,423.1902,0.9117,nan,nan,nan
684,2204.9419,705.22,97,0.1295,428.1799,0.9229,nan,nan,nan
685,1552.8015,514.85,93,0.1295,425.9008,0.9048,nan,nan,nan
686,2781.1994,877.78,87,0.1296,429.6537,0.9239,nan,nan,nan
687,2809.4908,888.88,72,0.1295,436.4323,0.9474,nan,nan,nan
688,2773.5914,872.76,62,0.1295,437.1740,0.9519,nan,nan,nan
689,2777.8696,873.82,87,0.1294,432.4171,0.9370,nan,nan,nan
690,2686.6675,849.66,83,0.1294,429.3728,0.9301,nan,nan,nan
691,3349.0184,1050.44,45,0.1294,443.7653,0.9724,nan,nan,nan
692,2585.0196,819.70,86,0.1293,427.9177,0.9286,nan,nan,nan
693,2420.7985,764.94,105,0.1293,427.1232,0.9295,nan,nan,nan
694,2336.6876,738.42,65,0.1292,434.7144,0.9528,nan,nan,nan
695,2414.8126,771.15,84,0.1292,426.1978,0.9271,nan,nan,nan
696,2674.1128,844.70,106,0.1291,421.6694,0.9141,nan,nan,nan
697,2343.9524,749.02,65,0.1291,433.0616,0.9492,nan,nan,nan
698,3531.7726,1108.46,54,0.1290,432.0349,0.9496,nan,nan,nan
699,2123.9188,676.69,115,0.1289,418.0554,0.9159,nan,nan,nan
700,2347.8920,754.69,83,0.1288,421.7590,0.9229,nan,nan,nan
701,3165.1113,993.04,51,0.1287,431.9150,0.9586,nan,nan,nan
702,2634.0782,835.92,100,0.1286,415.5647,0.9160,nan,nan,nan
703,2421.5787,768.91,88,0.1285,423.1350,0.9326,nan,nan,nan
704,2318.3613,734.60,70,0.1284,427.7160,0.9472,nan,nan,nan
705,2193.9556,700.61,102,0.1284,417.0656,0.9207,nan,nan,nan
706,1979.6378,636.24,124,0.1283,408.8822,0.8963,nan,nan,nan
707,1598.7559,527.51,97,0.1282,415.3798,0.9084,nan,nan,nan
708,2469.4863,783.16,94,0.1281,418.9231,0.9272,nan,nan,nan
709,2423.0950,771.18,92,0.1281,414.5282,0.9184,nan,nan,nan
710,2226.8130,715.44,64,0.1281,424.9223,0.9458,nan,nan,nan
711,2979.4542,931.89,88,0.1280,420.8538,0.9458,nan,nan,nan
712,3626.4601,1126.05,58,0.1280,428.6549,0.9621,nan,nan,nan
713,2377.6456,751.75,68,0.1280,426.0437,0.9544,nan,nan,nan
714,2397.4517,757.70,114,0.1280,413.5013,0.9163,nan,nan,nan
715,2135.3438,686.81,86,0.1280,414.6245,0.9229,nan,nan,nan
716,1946.3683,626.62,79,0.1279,419.1959,0.9405,nan,nan,nan
717,3276.5644,1024.94,86,0.1279,415.4377,0.9351,nan,nan,nan
718,2174.7769,694.73,75,0.1279,421.4724,0.9444,nan,nan,nan
719,2653.8393,840.76,84,0.1279,414.2054,0.9316,nan,nan,nan
720,2893.0462,909.59,80,0.1279,416.0205,0.9394,nan,nan,nan
721,3109.6423,979.13,55,0.1279,419.9752,0.9493,nan,nan,nan
722,2688.8706,850.18,79,0.1279,417.7789,0.9444,nan,nan,nan
723,2571.7446,812.27,75,0.1279,416.2041,0.9448,nan,nan,nan
724,2906.6644,914.38,66,0.1278,419.2856,0.9514,nan,nan,nan
725,2476.5826,785.50,98,0.1278,406.8435,0.9185,nan,nan,nan
726,2536.8094,807.35,72,0.1278,411.8979,0.9396,nan,nan,nan
727,1905.3954,621.22,113,0.1278,396.2813,0.8822,nan,nan,nan
728,1480.7530,489.81,140,0.1278,393.0492,0.8766,nan,nan,nan
729,2163.1668,697.05,85,0.1277,406.9169,0.9163,nan,nan,nan
730,2322.4295,744.97,88,0.1276,404.7904,0.9178,nan,nan,nan
731,2166.1460,692.31,122,0.1276,397.0940,0.9024,nan,nan,nan
732,2422.4984,772.64,67,0.1275,412.1444,0.9414,nan,nan,nan
733,2373.7673,756.43,77,0.1275,409.9453,0.9372,nan,nan,nan
734,2897.8735,912.46,94,0.1275,403.7198,0.9252,nan,nan,nan
735,2374.2716,756.14,73,0.1275,410.5668,0.9426,nan,nan,nan
736,2215.0209,704.37,78,0.1275,409.1628,0.9427,nan,nan,nan
737,2138.5510,684.40,114,0.1275,398.4649,0.9039,nan,nan,nan
738,1702.2397,560.97,121,0.1275,389.8275,0.8806,nan,nan,nan
739,2313.1800,736.15,79,0.1275,405.7008,0.9353,nan,nan,nan
740,2315.2984,740.23,79,0.1275,406.0469,0.9310,nan,nan,nan
741,2203.9396,701.82,115,0.1275,397.4813,0.9067,nan,nan,nan
742,2182.8867,694.86,88,0.1275,408.9510,0.9336,nan,nan,nan
743,2564.3335,819.51,63,0.1275,408.2556,0.9430,nan,nan,nan
744,3120.7128,977.63,71,0.1275,406.8297,0.9490,nan,nan,nan
745,3031.3460,956.12,73,0.1275,405.8936,0.9358,nan,nan,nan
746,2566.7247,813.84,79,0.1275,402.4655,0.9328,nan,nan,nan
747,2283.1002,727.73,89,0.1274,401.3596,0.9324,nan,nan,nan
748,2254.2537,721.83,95,0.1274,396.9066,0.9179,nan,nan,nan
749,2561.0728,811.67,75,0.1272,402.7833,0.9313,nan,nan,nan
750,2211.7762,708.84,111,0.1272,392.4965,0.9088,nan,nan,nan
751,2993.2173,940.50,64,0.1271,406.2088,0.9535,nan,nan,nan
752,2946.3737,927.21,58,0.1272,407.3850,0.9591,nan,nan,nan
753,2580.0644,817.76,106,0.1272,389.6875,0.9059,nan,nan,nan
754,1923.8019,622.36,85,0.1272,398.4295,0.9276,nan,nan,nan
755,2283.3115,726.58,80,0.1272,400.1766,0.9412,nan,nan,nan
756,2292.1692,734.82,102,0.1272,389.6656,0.9076,nan,nan,nan
757,1854.7177,601.42,105,0.1273,387.7725,0.9034,nan,nan,nan
758,2765.8348,870.93,73,0.1273,398.2693,0.9397,nan,nan,nan
759,2830.3883,898.24,75,0.1272,395.5597,0.9221,nan,nan,nan
760,1904.8908,616.33,118,0.1272,388.2394,0.9091,nan,nan,nan
761,1938.0267,625.14,100,0.1272,389.6455,0.9131,nan,nan,nan
762,2048.4160,661.61,85,0.1272,391.3576,0.9197,nan,nan,nan
763,2668.1391,844.75,95,0.1272,393.9972,0.9259,nan,nan,nan
764,2240.9379,712.45,77,0.1272,396.7758,0.9449,nan,nan,nan
765,2108.6812,679.08,92,0.1272,388.0558,0.9125,nan,nan,nan
766,1823.3070,589.34,140,0.1271,381.0472,0.8848,nan,nan,nan
767,2370.4173,753.73,77,0.1271,395.2498,0.9381,nan,nan,nan
768,1775.6609,578.65,81,0.1271,392.2452,0.9274,nan,nan,nan
769,3353.9444,1048.96,90,0.1272,393.0658,0.9355,nan,nan,nan
770,3429.3354,1079.77,44,0.1272,400.7260,0.9604,nan,nan,nan
771,3607.8309,1120.30,50,0.1272,400.5818,0.9695,nan,nan,nan
772,2399.1675,763.30,127,0.1271,376.3475,0.8874,nan,nan,nan
773,2082.0894,672.85,79,0.1269,390.1186,0.9351,nan,nan,nan
774,2490.2055,791.00,65,0.1268,395.1808,0.9478,nan,nan,nan
775,2611.9898,820.90,101,0.1268,385.2795,0.9305,nan,nan,nan
776,1711.9395,553.36,114,0.1267,385.4007,0.9205,nan,nan,nan
777,3553.2528,1108.60,48,0.1267,398.0295,0.9619,nan,nan,nan
778,3036.3189,953.40,73,0.1267,389.3895,0.9424,nan,nan,nan
779,2092.5731,670.00,117,0.1267,381.4073,0.9115,nan,nan,nan
780,3201.4639,993.83,47,0.1266,400.7958,0.9754,nan,nan,nan
781,2982.8090,937.18,61,0.1266,393.8143,0.9509,nan,nan,nan
782,2552.3879,808.57,123,0.1266,378.7506,0.9057,nan,nan,nan
783,2123.5579,684.91,58,0.1266,389.7581,0.9448,nan,nan,nan
784,2346.9826,748.23,82,0.1266,384.8393,0.9310,nan,nan,nan
785,2553.0233,810.16,107,0.1266,378.9612,0.9124,nan,nan,nan
786,1963.7032,636.52,94,0.1266,381.0079,0.9126,nan,nan,nan
787,2116.7470,681.33,82,0.1266,381.5917,0.9240,nan,nan,nan
788,2555.7671,807.47,99,0.1265,384.2036,0.9296,nan,nan,nan
789,2532.0373,810.07,76,0.1265,380.7363,0.9216,nan,nan,nan
790,2963.4281,934.39,51,0.1265,391.2468,0.9579,nan,nan,nan
791,2557.8548,804.57,111,0.1265,379.4756,0.9280,nan,nan,nan
792,2099.4757,670.40,97,0.1265,381.0101,0.9319,nan,nan,nan
793,2170.0439,692.23,61,0.1265,385.9286,0.9539,nan,nan,nan
794,2819.1729,883.32,100,0.1264,380.8726,0.9275,nan,nan,nan
795,1943.1314,627.89,100,0.1264,375.4186,0.9122,nan,nan,nan
796,2167.1225,694.26,80,0.1263,378.4824,0.9334,nan,nan,nan
797,2958.5020,933.96,75,0.1264,381.7367,0.9419,nan,nan,nan
798,2501.9495,794.14,85,0.1263,378.6145,0.9274,nan,nan,nan
799,2046.2142,661.44,90,0.1263,375.7095,0.9155,nan,nan,nan
800,1786.8676,583.70,115,0.1262,368.4157,0.8920,nan,nan,nan
801,2645.9191,831.98,84,0.1262,380.1098,0.9383,nan,nan,nan
802,2122.0399,682.88,77,0.1262,378.2225,0.9347,nan,nan,nan
803,2299.2879,733.15,102,0.1262,372.5746,0.9133,nan,nan,nan
804,2395.6826,764.29,89,0.1262,378.8692,0.9201,nan,nan,nan
805,3197.2053,1000.48,63,0.1262,383.5316,0.9540,nan,nan,nan
806,2171.9941,692.04,70,0.1262,380.1622,0.9475,nan,nan,nan
807,2292.5928,731.34,124,0.1262,367.3497,0.9012,nan,nan,nan
808,2707.6340,854.87,67,0.1262,383.1669,0.9524,nan,nan,nan
809,1968.1585,630.59,83,0.1262,377.2688,0.9391,nan,nan,nan
810,2255.1105,715.96,117,0.1262,370.6483,0.9148,nan,nan,nan
811,2250.8150,726.33,86,0.1262,369.8348,0.9116,nan,nan,nan
812,2309.1475,732.80,79,0.1262,376.4768,0.9404,nan,nan,nan
813,3117.4072,979.75,84,0.1262,373.6625,0.9308,nan,nan,nan
814,1842.9972,596.61,89,0.1262,371.2785,0.9184,nan,nan,nan
815,2733.1052,863.67,70,0.1262,378.9118,0.9475,nan,nan,nan
816,2557.7893,808.81,83,0.1262,374.2558,0.9434,nan,nan,nan
817,3082.1262,963.86,72,0.1262,377.7470,0.9546,nan,nan,nan
818,2630.6607,829.77,69,0.1262,375.1435,0.9481,nan,nan,nan
819,2141.7491,689.95,105,0.1262,360.7757,0.9002,nan,nan,nan
820,2501.8054,793.14,85,0.1261,372.0416,0.9341,nan,nan,nan
821,3129.6939,981.79,58,0.1260,376.7813,0.9575,nan,nan,nan
822,3156.1520,984.64,70,0.1260,374.2451,0.9555,nan,nan,nan
823,2955.5591,932.45,75,0.1260,369.4441,0.9336,nan,nan,nan
824,2773.0286,874.23,62,0.1260,376.8154,0.9586,nan,nan,nan
825,3205.0029,1002.35,69,0.1260,372.7546,0.9480,nan,nan,nan
826,2490.1934,794.07,98,0.1260,361.0967,0.9133,nan,nan,nan
827,2059.8665,664.39,89,0.1260,364.0739,0.9163,nan,nan,nan
828,2470.1679,788.37,78,0.1260,364.8506,0.9266,nan,nan,nan
829,2441.8160,774.71,112,0.1260,359.5010,0.9139,nan,nan,nan
830,2093.2881,668.62,73,0.1259,372.0701,0.9484,nan,nan,nan
831,2697.5468,849.68,71,0.1259,370.2717,0.9455,nan,nan,nan
832,2851.4031,894.72,85,0.1258,367.3775,0.9441,nan,nan,nan
833,2422.8802,765.55,92,0.1258,363.7796,0.9310,nan,nan,nan
834,2047.0616,665.30,80,0.1258,363.3800,0.9228,nan,nan,nan
835,2299.0744,732.99,102,0.1258,357.7480,0.9130,nan,nan,nan
836,2078.8244,671.97,89,0.1258,360.4791,0.9204,nan,nan,nan
837,2727.4551,858.72,74,0.1258,367.2978,0.9433,nan,nan,nan
838,2205.9185,704.47,97,0.1258,361.2940,0.9206,nan,nan,nan
839,1920.0225,616.93,112,0.1257,356.9131,0.9131,nan,nan,nan
840,2276.1528,725.71,85,0.1257,360.9460,0.9328,nan,nan,nan
841,2801.9690,884.38,72,0.1257,362.3510,0.9426,nan,nan,nan
842,1940.7853,624.52,116,0.1256,354.9496,0.9098,nan,nan,nan
843,2590.8035,816.00,74,0.1256,368.2125,0.9498,nan,nan,nan
844,2088.0298,668.22,88,0.1256,358.5509,0.9278,nan,nan,nan
845,2370.9458,756.69,111,0.1256,351.5635,0.9035,nan,nan,nan
846,2153.8082,691.42,90,0.1255,357.0774,0.9219,nan,nan,nan
847,1977.5972,642.72,88,0.1255,358.0263,0.9146,nan,nan,nan
848,2369.4914,754.54,90,0.1255,357.2240,0.9254,nan,nan,nan
849,2191.6707,704.92,93,0.1254,352.5837,0.9089,nan,nan,nan
850,3110.8431,982.54,68,0.1254,361.0827,0.9376,nan,nan,nan
851,2326.6444,741.87,92,0.1254,355.0165,0.9230,nan,nan,nan
852,2098.3555,673.62,92,0.1255,356.6383,0.9247,nan,nan,nan
853,2562.7837,812.83,83,0.1255,357.8011,0.9357,nan,nan,nan
854,2589.6809,816.24,82,0.1255,359.2667,0.9386,nan,nan,nan
855,1978.1810,636.43,103,0.1255,350.8092,0.9169,nan,nan,nan
856,2529.4152,806.41,88,0.1255,348.1500,0.9030,nan,nan,nan
857,2016.0296,652.38,81,0.1255,357.1143,0.9379,nan,nan,nan
858,2458.8663,781.17,99,0.1255,351.4190,0.9195,nan,nan,nan
859,2402.7557,764.40,72,0.1255,356.5572,0.9409,nan,nan,nan
860,2088.5822,677.35,93,0.1255,348.3398,0.8972,nan,nan,nan
861,1867.1597,607.93,121,0.1255,341.4507,0.8895,nan,nan,nan
862,2595.3142,819.31,70,0.1255,358.6737,0.9484,nan,nan,nan
863,2701.9705,850.77,71,0.1255,358.8792,0.9537,nan,nan,nan
864,2685.1778,850.18,94,0.1255,349.6876,0.9167,nan,nan,nan
865,1842.1074,596.97,94,0.1255,350.2368,0.9186,nan,nan,nan
866,2920.6093,914.88,69,0.1255,357.8828,0.9548,nan,nan,nan
867,2990.5095,937.19,74,0.1255,356.7512,0.9428,nan,nan,nan
868,2147.3053,690.04,95,0.1255,343.2364,0.9070,nan,nan,nan
869,1991.4552,648.91,113,0.1255,342.1711,0.8830,nan,nan,nan
870,3366.0985,1065.76,54,0.1255,356.9291,0.9491,nan,nan,nan
871,2358.7328,747.65,86,0.1255,351.3640,0.9330,nan,nan,nan
872,2230.4868,719.90,96,0.1255,340.8040,0.9001,nan,nan,nan
873,2167.5863,697.56,94,0.1254,346.0441,0.9167,nan,nan,nan
874,2621.7948,830.47,81,0.1254,351.4305,0.9395,nan,nan,nan
875,2280.5017,729.70,80,0.1253,350.5580,0.9275,nan,nan,nan
876,2179.4498,703.12,103,0.1254,340.4818,0.8992,nan,nan,nan
877,2082.2897,676.49,103,0.1254,339.5271,0.8929,nan,nan,nan
878,2367.8510,754.05,77,0.1254,350.2776,0.9379,nan,nan,nan
879,2469.8012,784.15,86,0.1254,348.1892,0.9316,nan,nan,nan
880,2479.6018,784.84,82,0.1253,346.1343,0.9338,nan,nan,nan
881,2422.9155,772.33,92,0.1254,343.9346,0.9232,nan,nan,nan
882,2218.1422,709.41,83,0.1254,345.7978,0.9268,nan,nan,nan
883,2080.0613,675.41,113,0.1254,332.4429,0.8792,nan,nan,nan
884,1988.1067,647.42,72,0.1254,347.0198,0.9279,nan,nan,nan
885,2559.4870,812.75,83,0.1254,346.3505,0.9295,nan,nan,nan
886,3632.3413,1137.84,69,0.1254,346.4016,0.9378,nan,nan,nan
887,2627.9701,832.10,73,0.1254,348.5346,0.9414,nan,nan,nan
888,1799.7123,581.48,108,0.1254,339.5332,0.9069,nan,nan,nan
889,1891.9599,612.64,135,0.1254,334.1644,0.8835,nan,nan,nan
890,3351.9872,1051.46,54,0.1254,350.9572,0.9562,nan,nan,nan
891,2864.9978,904.12,60,0.1254,347.4936,0.9524,nan,nan,nan
892,2566.1503,806.42,110,0.1254,343.5134,0.9223,nan,nan,nan
893,1695.3069,553.24,97,0.1254,339.3728,0.9137,nan,nan,nan
894,2152.1856,690.39,85,0.1254,343.6029,0.9314,nan,nan,nan
895,3430.7901,1074.97,70,0.1255,346.7015,0.9452,nan,nan,nan
896,2250.2107,721.15,86,0.1255,341.4020,0.9251,nan,nan,nan
897,2693.4334,849.63,75,0.1255,344.2004,0.9409,nan,nan,nan
898,2101.4988,673.55,102,0.1255,338.1523,0.9168,nan,nan,nan
899,1989.6711,642.43,108,0.1255,332.1018,0.9040,nan,nan,nan
900,2987.1420,934.43,54,0.1255,351.4755,0.9675,nan,nan,nan
901,3670.9079,1138.25,60,0.1255,349.1255,0.9628,nan,nan,nan
902,2406.7481,767.35,97,0.1255,336.6732,0.9127,nan,nan,nan
903,1727.1817,560.50,113,0.1254,336.3258,0.9097,nan,nan,nan
904,2037.3983,650.29,95,0.1254,339.1634,0.9270,nan,nan,nan
905,2293.5100,740.65,93,0.1254,333.8216,0.9007,nan,nan,nan
906,2301.9570,745.51,93,0.1254,332.3817,0.8977,nan,nan,nan
907,2099.3701,671.71,92,0.1254,338.3561,0.9294,nan,nan,nan
908,2844.4815,895.32,71,0.1254,341.9440,0.9478,nan,nan,nan
909,1820.0017,590.56,118,0.1254,330.2312,0.8991,nan,nan,nan
910,2703.3939,851.02,82,0.1254,340.0229,0.9409,nan,nan,nan
911,2771.2690,884.16,55,0.1254,339.4581,0.9447,nan,nan,nan
912,2374.6272,756.32,111,0.1254,330.4064,0.9030,nan,nan,nan
913,2003.9762,646.35,102,0.1254,331.4019,0.9131,nan,nan,nan
914,2313.9838,735.49,79,0.1254,339.7650,0.9413,nan,nan,nan
915,1860.2734,602.30,93,0.1254,334.1358,0.9169,nan,nan,nan
916,2258.8898,720.69,108,0.1254,328.9271,0.9134,nan,nan,nan
917,2532.8689,807.04,72,0.1253,337.6532,0.9364,nan,nan,nan
918,2558.3509,809.64,83,0.1253,334.6057,0.9336,nan,nan,nan
919,1746.3062,566.86,112,0.1253,330.7112,0.9055,nan,nan,nan
920,2353.4980,753.07,95,0.1253,328.9117,0.9127,nan,nan,nan
921,2363.6325,747.79,73,0.1253,338.3934,0.9532,nan,nan,nan
922,2686.6987,851.23,79,0.1253,331.6294,0.9269,nan,nan,nan
923,2146.3894,686.85,114,0.1253,326.2602,0.9089,nan,nan,nan
924,1905.1178,613.15,86,0.1252,332.5567,0.9350,nan,nan,nan
925,2436.4826,774.66,79,0.1252,334.2526,0.9346,nan,nan,nan
926,2198.7487,702.35,106,0.1252,325.2211,0.9037,nan,nan,nan
927,1955.2237,631.18,110,0.1251,326.5422,0.9117,nan,nan,nan
928,1731.2780,561.82,107,0.1251,326.7458,0.9146,nan,nan,nan
929,2815.7728,883.79,72,0.1250,334.3292,0.9529,nan,nan,nan
930,2478.0058,786.60,98,0.1250,328.6120,0.9216,nan,nan,nan
931,2814.5899,878.91,68,0.1249,336.7334,0.9615,nan,nan,nan
932,2531.7475,798.12,76,0.1249,334.5121,0.9501,nan,nan,nan
933,2640.2392,829.48,88,0.1249,330.8847,0.9349,nan,nan,nan
934,2378.8841,767.20,90,0.1248,326.3989,0.9096,nan,nan,nan
935,2324.2800,739.60,83,0.1248,328.0414,0.9330,nan,nan,nan
936,1478.8482,485.02,105,0.1249,325.5131,0.9192,nan,nan,nan
937,2341.3235,749.79,117,0.1248,316.8208,0.8845,nan,nan,nan
938,1694.2562,558.47,109,0.1248,319.1415,0.8887,nan,nan,nan
939,2404.0318,765.58,76,0.1248,328.8307,0.9372,nan,nan,nan
940,2171.7427,691.43,103,0.1248,324.5755,0.9195,nan,nan,nan
941,2255.1504,722.94,95,0.1248,322.8960,0.9180,nan,nan,nan
942,2627.3699,834.05,73,0.1248,327.9237,0.9411,nan,nan,nan
943,2763.0204,873.61,66,0.1249,329.2071,0.9385,nan,nan,nan
944,2042.0848,656.98,120,0.1249,318.4267,0.8946,nan,nan,nan
945,2365.7526,754.87,86,0.1248,324.8626,0.9284,nan,nan,nan
946,2130.2982,685.04,67,0.1248,330.3739,0.9460,nan,nan,nan
947,2554.0385,808.45,99,0.1248,323.4691,0.9218,nan,nan,nan
948,2248.0551,714.25,95,0.1248,323.2248,0.9288,nan,nan,nan
949,2368.7604,758.75,77,0.1248,324.9955,0.9282,nan,nan,nan
950,2610.5528,827.48,85,0.1248,325.0792,0.9321,nan,nan,nan
951,1813.7343,590.21,119,0.1247,314.5612,0.8848,nan,nan,nan
952,1742.2761,571.56,112,0.1247,317.6331,0.8952,nan,nan,nan
953,2756.7999,868.30,77,0.1246,327.9753,0.9349,nan,nan,nan
954,2021.5317,650.80,86,0.1246,321.5627,0.9290,nan,nan,nan
955,2151.5598,684.79,104,0.1246,319.6261,0.9251,nan,nan,nan
956,2338.3074,751.18,87,0.1245,321.2170,0.9214,nan,nan,nan
957,3468.3491,1085.02,55,0.1245,330.0870,0.9551,nan,nan,nan
958,1866.2653,600.81,93,0.1245,321.1800,0.9295,nan,nan,nan
959,2171.2309,699.43,127,0.1245,308.7810,0.8764,nan,nan,nan
960,2361.5266,755.79,73,0.1245,321.7503,0.9330,nan,nan,nan
961,1960.0168,640.92,89,0.1245,314.6327,0.9057,nan,nan,nan
962,2461.7622,780.79,107,0.1245,314.3558,0.9098,nan,nan,nan
963,1481.4839,491.51,119,0.1244,312.3443,0.8917,nan,nan,nan
964,2003.1287,643.90,107,0.1244,314.1538,0.9093,nan,nan,nan
965,2184.3512,699.94,84,0.1244,320.7633,0.9306,nan,nan,nan
966,2506.9764,794.25,89,0.1243,319.9035,0.9309,nan,nan,nan
967,2198.7675,704.94,88,0.1243,319.3300,0.9245,nan,nan,nan
968,2063.0972,664.48,89,0.1243,317.1320,0.9224,nan,nan,nan
969,1989.7614,638.14,118,0.1242,314.4126,0.9014,nan,nan,nan
970,2257.5531,721.88,81,0.1242,319.9930,0.9383,nan,nan,nan
971,2301.4059,732.71,97,0.1242,315.4409,0.9207,nan,nan,nan
972,2489.0634,786.25,77,0.1242,322.6599,0.9468,nan,nan,nan
973,2565.6895,814.84,79,0.1242,315.6537,0.9329,nan,nan,nan
974,2585.5308,818.69,90,0.1242,318.3278,0.9294,nan,nan,nan
975,2537.0950,813.67,72,0.1242,315.7309,0.9233,nan,nan,nan
976,2914.7411,911.23,69,0.1242,322.1060,0.9606,nan,nan,nan
977,2500.8704,792.18,85,0.1243,315.0226,0.9292,nan,nan,nan
978,2139.0757,689.10,100,0.1243,310.5698,0.9097,nan,nan,nan
979,2961.0903,929.61,75,0.1242,318.5535,0.9436,nan,nan,nan
980,1926.9283,624.19,85,0.1242,315.7654,0.9251,nan,nan,nan
981,2461.9194,778.96,107,0.1242,313.7170,0.9223,nan,nan,nan
982,2084.7437,673.69,88,0.1242,311.9622,0.9147,nan,nan,nan
983,1809.1339,586.01,102,0.1241,311.1870,0.9111,nan,nan,nan
984,2363.0555,757.77,99,0.1241,308.1973,0.9028,nan,nan,nan
985,2482.5245,793.17,86,0.1241,314.1541,0.9208,nan,nan,nan
986,3101.9433,982.92,52,0.1241,320.9601,0.9498,nan,nan,nan
987,3051.4076,957.37,76,0.1241,317.3825,0.9465,nan,nan,nan
988,2209.6916,701.90,92,0.1241,314.2437,0.9331,nan,nan,nan
989,2786.7296,877.23,65,0.1241,319.3790,0.9516,nan,nan,nan
990,3345.4345,1041.57,69,0.1240,317.5159,0.9542,nan,nan,nan
991,2092.6771,676.83,93,0.1240,307.2310,0.9121,nan,nan,nan
992,2167.4369,691.06,89,0.1240,311.8190,0.9277,nan,nan,nan
993,2161.4070,691.42,113,0.1240,308.8691,0.9108,nan,nan,nan
994,2773.3445,876.81,69,0.1240,316.5712,0.9386,nan,nan,nan
995,2216.2629,711.65,83,0.1240,311.2789,0.9268,nan,nan,nan
996,2199.5174,709.07,111,0.1241,305.3062,0.8911,nan,nan,nan
997,2152.5505,688.94,85,0.1241,309.4010,0.9279,nan,nan,nan
998,2027.6477,657.86,96,0.1241,303.9488,0.8917,nan,nan,nan
999,2208.9098,712.78,106,0.1240,304.7801,0.9070,nan,nan,nan
1000,2040.4119,667.08,80,0.1240,305.4483,0.9108,nan,nan,nan
1001,2261.4520,725.67,90,0.1240,304.9687,0.9083,nan,nan,nan
1002,2254.7877,719.65,113,0.1240,305.4900,0.9184,nan,nan,nan
1003,2166.9083,696.67,80,0.1240,308.3495,0.9264,nan,nan,nan
1004,3279.3498,1024.80,46,0.1240,318.7838,0.9710,nan,nan,nan
1005,2547.6115,806.73,111,0.1240,301.6255,0.9026,nan,nan,nan
1006,2251.3329,723.99,86,0.1240,309.4414,0.9279,nan,nan,nan
1007,1639.2622,533.45,94,0.1239,306.3780,0.9172,nan,nan,nan
1008,2506.6327,797.70,105,0.1240,304.2681,0.9131,nan,nan,nan
1009,2327.9115,746.25,87,0.1240,305.2614,0.9189,nan,nan,nan
1010,2045.8166,664.60,70,0.1239,307.7787,0.9296,nan,nan,nan
1011,2748.5403,866.10,99,0.1239,305.6536,0.9163,nan,nan,nan
1012,2806.7670,883.89,72,0.1239,312.1503,0.9537,nan,nan,nan
1013,1765.3849,575.40,81,0.1240,304.3976,0.9189,nan,nan,nan
1014,2353.2024,747.12,116,0.1240,301.6383,0.9168,nan,nan,nan
1015,1883.8320,610.28,114,0.1240,300.6501,0.9027,nan,nan,nan
1016,1836.3311,598.46,67,0.1240,306.6160,0.9358,nan,nan,nan
1017,2499.0763,796.79,97,0.1241,300.9763,0.9092,nan,nan,nan
1018,2844.8348,896.08,85,0.1241,307.8167,0.9334,nan,nan,nan
1019,3425.0690,1069.89,44,0.1240,314.3177,0.9722,nan,nan,nan
1020,3396.0526,1058.79,71,0.1241,308.3079,0.9519,nan,nan,nan
1021,2236.6659,709.80,109,0.1241,300.3718,0.9181,nan,nan,nan
1022,1817.5751,596.19,79,0.1241,299.7926,0.9124,nan,nan,nan
1023,2446.1879,777.74,91,0.1241,302.5608,0.9271,nan,nan,nan
1024,2709.9688,857.35,86,0.1241,305.2755,0.9335,nan,nan,nan
1025,3361.5302,1061.47,45,0.1241,310.7543,0.9536,nan,nan,nan
1026,2228.7705,713.58,96,0.1241,300.2478,0.9146,nan,nan,nan
1027,2954.5301,930.65,92,0.1241,302.4553,0.9295,nan,nan,nan
1028,2796.3165,881.50,54,0.1241,308.7953,0.9606,nan,nan,nan
1029,2677.2967,845.21,68,0.1241,304.6323,0.9448,nan,nan,nan
1030,3473.2009,1091.80,84,0.1241,302.1055,0.9299,nan,nan,nan
1031,2035.3370,660.80,65,0.1240,304.0378,0.9336,nan,nan,nan
1032,3039.1637,949.43,63,0.1240,307.7993,0.9569,nan,nan,nan
1033,2215.4781,717.34,124,0.1241,289.0072,0.8709,nan,nan,nan
1034,1945.6067,625.45,89,0.1241,300.8951,0.9267,nan,nan,nan
1035,2170.2536,690.27,75,0.1241,304.6818,0.9479,nan,nan,nan
1036,2469.6405,783.97,115,0.1240,296.2781,0.9022,nan,nan,nan
1037,2690.1002,852.55,64,0.1240,307.5035,0.9488,nan,nan,nan
1038,1850.1738,602.29,89,0.1241,296.9375,0.9116,nan,nan,nan
1039,2197.2400,705.76,111,0.1241,295.3250,0.9028,nan,nan,nan
1040,2034.6438,656.79,105,0.1241,296.7473,0.9077,nan,nan,nan
1041,3496.3067,1086.56,43,0.1241,310.1147,0.9762,nan,nan,nan
1042,2777.8648,874.14,87,0.1241,300.5115,0.9367,nan,nan,nan
1043,3030.5983,963.86,80,0.1241,295.7216,0.9173,nan,nan,nan
1044,2068.6693,666.32,74,0.1241,300.1502,0.9288,nan,nan,nan
1045,2899.8627,912.28,87,0.1240,300.1245,0.9366,nan,nan,nan
1046,1930.9857,621.69,127,0.1240,290.8777,0.8973,nan,nan,nan
1047,2377.5578,755.51,51,0.1239,304.0759,0.9563,nan,nan,nan
1048,2077.9087,674.97,118,0.1239,287.5704,0.8771,nan,nan,nan
1049,2616.3102,829.42,97,0.1239,297.7465,0.9211,nan,nan,nan
1050,1496.6246,493.10,62,0.1239,300.8439,0.9421,nan,nan,nan
1051,2579.5291,819.68,106,0.1239,292.6479,0.9065,nan,nan,nan
1052,2059.8487,663.22,114,0.1239,289.7892,0.9009,nan,nan,nan
1053,1218.3236,414.72,95,0.1240,292.6744,0.9069,nan,nan,nan
1054,3580.1651,1121.68,73,0.1240,295.6392,0.9260,nan,nan,nan
1055,1942.9952,627.70,100,0.1240,293.3368,0.9217,nan,nan,nan
1056,1809.9528,591.83,102,0.1240,289.6024,0.9029,nan,nan,nan
1057,2244.8960,716.19,95,0.1240,292.4300,0.9224,nan,nan,nan
1058,2365.1398,746.02,90,0.1241,298.8430,0.9447,nan,nan,nan
1059,2490.3608,787.91,77,0.1241,295.6689,0.9408,nan,nan,nan
1060,2415.8985,763.29,84,0.1241,296.7837,0.9406,nan,nan,nan
1061,2615.8611,832.86,93,0.1240,292.4262,0.9223,nan,nan,nan
1062,2720.5841,869.84,67,0.1240,294.3424,0.9286,nan,nan,nan
1063,3098.8701,969.24,55,0.1240,299.8672,0.9578,nan,nan,nan
1064,2731.5464,858.75,85,0.1240,296.4322,0.9469,nan,nan,nan
1065,2902.2974,912.58,80,0.1239,294.9409,0.9404,nan,nan,nan
1066,2418.5873,767.66,67,0.1239,298.1053,0.9490,nan,nan,nan
1067,2406.6837,763.35,101,0.1239,290.5864,0.9220,nan,nan,nan
1068,2879.3392,906.66,70,0.1239,295.1438,0.9453,nan,nan,nan
1069,2341.4892,744.28,78,0.1239,296.4392,0.9426,nan,nan,nan
1070,2436.5024,778.14,104,0.1238,286.8623,0.9048,nan,nan,nan
1071,1982.8734,637.94,82,0.1238,292.1870,0.9301,nan,nan,nan
1072,3185.4274,1006.67,60,0.1238,294.8816,0.9437,nan,nan,nan
1073,2759.2349,874.43,95,0.1238,288.5828,0.9139,nan,nan,nan
1074,2412.0266,772.33,80,0.1238,291.7619,0.9236,nan,nan,nan
1075,2030.1588,657.72,96,0.1238,284.5664,0.8997,nan,nan,nan
1076,2621.1838,830.69,89,0.1238,292.0591,0.9330,nan,nan,nan
1077,1933.6799,623.88,90,0.1237,288.8074,0.9251,nan,nan,nan
1078,2403.5554,767.26,93,0.1237,289.3298,0.9200,nan,nan,nan
1079,3343.4016,1042.60,57,0.1237,294.9713,0.9592,nan,nan,nan
1080,2266.9371,733.19,90,0.1237,285.9380,0.9007,nan,nan,nan
1081,2284.8659,730.15,102,0.1237,286.0679,0.9120,nan,nan,nan
1082,1699.6214,555.84,103,0.1237,287.6504,0.9063,nan,nan,nan
1083,2239.1111,713.84,95,0.1237,289.3192,0.9247,nan,nan,nan
1084,2078.9720,666.77,98,0.1237,289.0946,0.9222,nan,nan,nan
1085,2226.9664,711.10,82,0.1237,290.6145,0.9335,nan,nan,nan
1086,2716.1367,860.14,86,0.1237,287.4657,0.9221,nan,nan,nan
1087,2686.6091,863.32,72,0.1237,287.7585,0.9206,nan,nan,nan
1088,2902.8411,919.73,73,0.1237,290.5050,0.9370,nan,nan,nan
1089,3536.0690,1099.83,54,0.1237,295.3880,0.9687,nan,nan,nan
1090,2344.7983,750.04,78,0.1237,288.8157,0.9304,nan,nan,nan
1091,2155.3949,696.53,123,0.1236,277.2630,0.8741,nan,nan,nan
1092,1783.6855,579.75,110,0.1236,286.5152,0.9030,nan,nan,nan
1093,1762.0196,576.32,99,0.1236,282.4093,0.9004,nan,nan,nan
1094,2295.5925,735.00,111,0.1236,281.5577,0.9038,nan,nan,nan
1095,2116.5388,685.12,77,0.1236,287.6374,0.9257,nan,nan,nan
1096,2303.6250,733.86,88,0.1236,286.6474,0.9265,nan,nan,nan
1097,2631.9513,829.04,96,0.1236,288.4113,0.9371,nan,nan,nan
1098,1954.0648,623.82,68,0.1236,290.2092,0.9476,nan,nan,nan
1099,1929.8732,628.30,117,0.1236,279.2219,0.8834,nan,nan,nan
1100,2037.8841,655.86,120,0.1236,281.1789,0.9008,nan,nan,nan
1101,2646.7618,839.18,61,0.1236,288.9701,0.9492,nan,nan,nan
1102,2636.6296,835.87,69,0.1236,289.6269,0.9450,nan,nan,nan
1103,3050.9360,958.49,99,0.1235,283.0610,0.9144,nan,nan,nan
1104,2393.0812,770.05,55,0.1235,289.4445,0.9516,nan,nan,nan
1105,3489.4495,1096.35,49,0.1235,291.3285,0.9521,nan,nan,nan
1106,2536.3058,807.44,112,0.1235,279.9884,0.9005,nan,nan,nan
1107,1959.6737,637.68,94,0.1235,282.6756,0.9082,nan,nan,nan
1108,2419.9250,765.07,67,0.1234,290.2169,0.9561,nan,nan,nan
1109,2676.6515,843.09,98,0.1234,281.8373,0.9226,nan,nan,nan
1110,1929.0833,627.27,106,0.1234,278.9969,0.9001,nan,nan,nan
1111,2177.5171,698.24,75,0.1233,283.7721,0.9328,nan,nan,nan
1112,1943.6975,631.29,116,0.1233,277.3895,0.8899,nan,nan,nan
1113,1726.6584,567.00,125,0.1233,272.3684,0.8720,nan,nan,nan
1114,1927.1148,624.89,80,0.1233,283.9353,0.9295,nan,nan,nan
1115,2306.7775,736.73,88,0.1233,280.9928,0.9271,nan,nan,nan
1116,3355.2303,1051.09,75,0.1233,285.7444,0.9375,nan,nan,nan
1117,2203.9955,704.69,83,0.1233,285.9751,0.9310,nan,nan,nan
1118,2438.4596,772.07,75,0.1233,285.1313,0.9436,nan,nan,nan
1119,2410.2695,761.55,101,0.1232,282.4640,0.9342,nan,nan,nan
1120,2864.6017,902.55,67,0.1232,284.3946,0.9492,nan,nan,nan
1121,2937.8797,916.46,65,0.1232,289.1571,0.9606,nan,nan,nan
1122,2274.6617,725.21,107,0.1233,275.7868,0.9148,nan,nan,nan
1123,2593.2284,822.46,74,0.1233,284.5391,0.9399,nan,nan,nan
1124,2190.9474,700.94,79,0.1233,283.8336,0.9377,nan,nan,nan
1125,2649.4112,838.63,103,0.1233,277.6786,0.9127,nan,nan,nan
1126,1888.9125,614.44,87,0.1233,279.8282,0.9169,nan,nan,nan
1127,2442.3940,778.48,87,0.1232,278.9092,0.9160,nan,nan,nan
1128,3178.5759,1009.11,73,0.1232,280.9521,0.9253,nan,nan,nan
1129,2330.3044,737.74,74,0.1232,284.8724,0.9478,nan,nan,nan
1130,3109.1197,974.06,68,0.1232,284.0653,0.9552,nan,nan,nan
1131,3081.8347,972.88,72,0.1232,279.4310,0.9312,nan,nan,nan
1132,2780.5286,879.42,62,0.1232,285.6953,0.9480,nan,nan,nan
1133,2805.1562,887.27,90,0.1232,277.3542,0.9234,nan,nan,nan
1134,2394.6603,760.00,89,0.1232,280.3393,0.9375,nan,nan,nan
1135,2854.4765,902.26,53,0.1232,285.5165,0.9560,nan,nan,nan
1136,3354.8524,1045.22,72,0.1231,283.5160,0.9500,nan,nan,nan
1137,2781.1166,873.66,87,0.1231,284.1235,0.9438,nan,nan,nan
1138,1855.7847,597.88,88,0.1231,279.2400,0.9263,nan,nan,nan
1139,2550.2983,807.24,83,0.1231,280.3319,0.9349,nan,nan,nan
1140,2456.4713,784.84,99,0.1231,274.4589,0.9135,nan,nan,nan
1141,2916.8411,921.77,52,0.1231,280.9778,0.9489,nan,nan,nan
1142,3357.1288,1051.43,75,0.1231,282.7746,0.9502,nan,nan,nan
1143,3127.2388,981.62,74,0.1231,281.0819,0.9411,nan,nan,nan
1144,1490.5519,495.64,97,0.1231,272.4068,0.8961,nan,nan,nan
1145,2158.3402,692.36,99,0.1231,275.2978,0.9226,nan,nan,nan
1146,2896.9221,913.46,80,0.1231,278.9810,0.9302,nan,nan,nan
1147,2064.1346,670.78,74,0.1232,279.7107,0.9271,nan,nan,nan
1148,2293.0725,727.37,110,0.1231,272.9898,0.9225,nan,nan,nan
1149,2635.3702,836.58,69,0.1232,277.8346,0.9405,nan,nan,nan
1150,4864.1380,1506.65,37,0.1232,286.0548,0.9719,nan,nan,nan
1151,3187.0664,1001.52,82,0.1232,275.4567,0.9282,nan,nan,nan
1152,2945.6368,930.21,72,0.1232,278.3543,0.9417,nan,nan,nan
1153,1989.6608,639.52,82,0.1232,277.4648,0.9322,nan,nan,nan
1154,2466.9330,787.69,107,0.1232,267.9958,0.8993,nan,nan,nan
1155,2002.2135,648.70,97,0.1232,271.2275,0.9063,nan,nan,nan
1156,2598.1604,821.04,74,0.1232,278.4416,0.9477,nan,nan,nan
1157,2835.3963,892.01,71,0.1232,280.5215,0.9432,nan,nan,nan
1158,2537.8193,807.92,92,0.1232,273.9289,0.9207,nan,nan,nan
1159,2400.5696,765.20,93,0.1232,274.5086,0.9220,nan,nan,nan
1160,2000.4715,639.25,61,0.1232,281.6479,0.9570,nan,nan,nan
1161,2846.1875,896.45,96,0.1232,273.8837,0.9300,nan,nan,nan
1162,3679.9127,1145.85,60,0.1231,278.6174,0.9523,nan,nan,nan
1163,1839.9468,598.31,78,0.1231,274.0599,0.9331,nan,nan,nan
1164,2121.4069,679.02,125,0.1231,268.8635,0.8928,nan,nan,nan
1165,1555.1915,515.31,113,0.1231,268.0576,0.8953,nan,nan,nan
1166,2144.1900,685.86,76,0.1230,274.2857,0.9387,nan,nan,nan
1167,2079.1119,665.08,103,0.1230,272.7102,0.9146,nan,nan,nan
1168,2225.4290,711.68,114,0.1230,268.9100,0.9084,nan,nan,nan
1169,1831.6255,596.65,78,0.1230,272.9691,0.9250,nan,nan,nan
1170,2930.3234,926.77,69,0.1230,274.7675,0.9391,nan,nan,nan
1171,2652.5487,840.36,114,0.1230,266.3890,0.8955,nan,nan,nan
1172,1389.7242,461.21,105,0.1230,272.1422,0.9083,nan,nan,nan
1173,2413.6247,769.36,84,0.1230,272.1890,0.9244,nan,nan,nan
1174,2080.5605,670.47,103,0.1230,268.3759,0.9117,nan,nan,nan
1175,2813.7349,890.16,61,0.1230,277.8223,0.9501,nan,nan,nan
1176,2532.5385,802.99,80,0.1230,274.4776,0.9389,nan,nan,nan
1177,2477.0423,782.01,98,0.1230,270.1969,0.9265,nan,nan,nan
1178,1486.6037,496.13,126,0.1230,263.1939,0.8713,nan,nan,nan
1179,2388.8828,756.71,89,0.1230,273.0965,0.9339,nan,nan,nan
1180,1913.1483,621.27,91,0.1230,271.7110,0.9131,nan,nan,nan
1181,2429.1148,775.87,92,0.1230,269.3318,0.9133,nan,nan,nan
1182,2412.0741,772.96,84,0.1230,267.6001,0.9225,nan,nan,nan
1183,2659.6817,847.06,80,0.1230,271.7538,0.9275,nan,nan,nan
1184,2863.5673,898.82,67,0.1231,275.3150,0.9547,nan,nan,nan
1185,2582.9688,818.81,86,0.1231,271.6508,0.9238,nan,nan,nan
1186,2149.8634,688.76,104,0.1230,269.3677,0.9126,nan,nan,nan
1187,2637.1762,830.62,69,0.1230,277.7413,0.9546,nan,nan,nan
1188,2214.0977,705.90,87,0.1230,270.7383,0.9338,nan,nan,nan
1189,2812.6396,881.76,86,0.1230,274.2588,0.9465,nan,nan,nan
1190,2172.8021,696.94,89,0.1230,269.7760,0.9208,nan,nan,nan
1191,2227.7288,711.91,91,0.1230,269.8105,0.9202,nan,nan,nan
1192,2819.3265,891.72,75,0.1230,270.8302,0.9332,nan,nan,nan
1193,2650.0473,832.08,76,0.1230,274.4289,0.9576,nan,nan,nan
1194,2156.2015,689.54,104,0.1230,269.3487,0.9125,nan,nan,nan
1195,2080.5681,667.33,98,0.1230,268.4557,0.9172,nan,nan,nan
1196,1918.5135,615.03,101,0.1230,270.5709,0.9284,nan,nan,nan
1197,2563.3325,817.08,79,0.1230,267.5083,0.9251,nan,nan,nan
1198,3082.3488,965.88,75,0.1230,275.2084,0.9440,nan,nan,nan
1199,2179.1588,695.98,84,0.1230,270.0222,0.9291,nan,nan,nan
1200,2778.9097,882.38,80,0.1230,267.2513,0.9279,nan,nan,nan
1201,2995.8236,940.68,57,0.1230,274.5802,0.9613,nan,nan,nan
1202,2160.7921,687.57,99,0.1230,270.5261,0.9299,nan,nan,nan
1203,2610.7783,823.58,89,0.1230,268.8763,0.9293,nan,nan,nan
1204,1654.1379,536.80,106,0.1230,268.5843,0.9256,nan,nan,nan
1205,2353.2401,745.35,95,0.1230,269.0551,0.9294,nan,nan,nan
1206,2372.9448,753.99,77,0.1230,270.5610,0.9466,nan,nan,nan
1207,2373.0632,758.88,94,0.1230,266.1163,0.9088,nan,nan,nan
1208,2452.2612,784.78,91,0.1230,265.9615,0.9064,nan,nan,nan
1209,1731.9741,563.27,107,0.1230,266.5743,0.9119,nan,nan,nan
1210,1998.6672,645.70,92,0.1230,266.9828,0.9175,nan,nan,nan
1211,2225.5333,715.55,105,0.1230,263.3083,0.9041,nan,nan,nan
1212,2206.4216,706.15,74,0.1230,270.2043,0.9404,nan,nan,nan
1213,3060.9551,965.71,79,0.1230,268.2147,0.9285,nan,nan,nan
1214,2658.7990,841.33,76,0.1230,270.7144,0.9403,nan,nan,nan
1215,2271.4710,723.74,94,0.1230,268.7527,0.9286,nan,nan,nan
1216,2987.8275,939.89,64,0.1230,270.7468,0.9484,nan,nan,nan
1217,2396.0673,758.96,89,0.1230,268.0575,0.9351,nan,nan,nan
1218,2530.1361,803.98,80,0.1230,265.4388,0.9293,nan,nan,nan
1219,3412.8594,1072.68,59,0.1230,269.5359,0.9516,nan,nan,nan
1220,2144.7940,688.65,95,0.1230,264.1293,0.9194,nan,nan,nan
1221,2778.2755,872.90,87,0.1229,268.5596,0.9400,nan,nan,nan
1222,2114.9901,680.10,82,0.1229,265.8845,0.9292,nan,nan,nan
1223,2185.6065,695.96,98,0.1229,265.3406,0.9218,nan,nan,nan
1224,2823.7188,890.65,75,0.1229,268.8415,0.9445,nan,nan,nan
1225,2360.9089,755.62,86,0.1229,263.8129,0.9210,nan,nan,nan
1226,2566.5787,816.29,79,0.1229,265.4367,0.9337,nan,nan,nan
1227,2642.2570,836.60,92,0.1229,262.4212,0.9211,nan,nan,nan
1228,2372.6571,758.17,60,0.1229,267.6274,0.9513,nan,nan,nan
1229,3215.4776,1004.08,72,0.1229,266.3009,0.9477,nan,nan,nan
1230,2870.0905,906.40,81,0.1229,265.0800,0.9385,nan,nan,nan
1231,2208.9164,713.40,83,0.1229,263.8068,0.9143,nan,nan,nan
1232,2025.1425,647.75,101,0.1229,265.2847,0.9255,nan,nan,nan
1233,2764.4793,866.86,84,0.1229,267.9918,0.9483,nan,nan,nan
1234,1931.8771,627.61,85,0.1229,264.8484,0.9207,nan,nan,nan
1235,3308.7521,1035.13,82,0.1229,263.9817,0.9346,nan,nan,nan
1236,1914.0294,620.31,91,0.1229,261.5125,0.9165,nan,nan,nan
1237,2443.1946,782.06,83,0.1229,264.0696,0.9261,nan,nan,nan
1238,2526.8910,797.48,92,0.1229,263.8383,0.9330,nan,nan,nan
1239,1965.9261,634.59,93,0.1229,262.2387,0.9234,nan,nan,nan
1240,2606.9281,829.70,74,0.1229,263.3401,0.9237,nan,nan,nan
1241,2590.0801,823.42,86,0.1229,264.4917,0.9313,nan,nan,nan
1242,2704.4721,859.13,71,0.1229,263.8463,0.9310,nan,nan,nan
1243,3350.6291,1048.58,57,0.1228,268.8669,0.9610,nan,nan,nan
1244,2920.0340,921.50,76,0.1228,262.4511,0.9288,nan,nan,nan
1245,3064.7208,970.13,76,0.1228,264.8333,0.9381,nan,nan,nan
1246,3918.8744,1213.15,46,0.1228,271.1280,0.9753,nan,nan,nan
1247,3345.5461,1042.28,60,0.1228,269.2303,0.9598,nan,nan,nan
1248,2539.1746,813.89,100,0.1228,259.2363,0.8955,nan,nan,nan
1249,2440.8183,775.71,79,0.1228,265.1095,0.9400,nan,nan,nan
1250,2231.6833,709.97,77,0.1227,264.7585,0.9386,nan,nan,nan
1251,2253.5229,719.46,108,0.1227,258.4662,0.9045,nan,nan,nan
1252,2975.0233,933.03,78,0.1227,265.4190,0.9573,nan,nan,nan
1253,2279.5729,733.18,49,0.1227,266.6309,0.9527,nan,nan,nan
1254,1645.8323,532.67,156,0.1227,252.3630,0.8774,nan,nan,nan
1255,1871.8748,605.06,131,0.1227,258.1646,0.8960,nan,nan,nan
1256,2540.2762,814.54,48,0.1227,264.2498,0.9502,nan,nan,nan
1257,3148.7049,986.36,67,0.1227,265.0003,0.9483,nan,nan,nan
1258,2642.5432,834.78,107,0.1227,259.9543,0.9184,nan,nan,nan
1259,2038.6726,660.13,70,0.1227,263.6357,0.9364,nan,nan,nan
1260,3111.2099,978.40,55,0.1227,265.4960,0.9538,nan,nan,nan
1261,2534.8443,805.79,124,0.1227,250.3183,0.8864,nan,nan,nan
1262,2198.2464,705.51,74,0.1227,263.4552,0.9430,nan,nan,nan
1263,2627.9064,830.47,58,0.1227,266.9773,0.9607,nan,nan,nan
1264,1795.6749,581.50,148,0.1226,251.1718,0.8729,nan,nan,nan
1265,2653.7231,833.92,76,0.1226,264.2724,0.9508,nan,nan,nan
1266,2150.2222,689.46,76,0.1226,261.1252,0.9387,nan,nan,nan
1267,3115.8420,972.30,87,0.1226,264.7450,0.9431,nan,nan,nan
1268,1709.2129,554.75,108,0.1226,257.8606,0.9129,nan,nan,nan
1269,2422.8179,772.45,71,0.1226,262.2359,0.9364,nan,nan,nan
1270,3060.4642,963.28,79,0.1226,260.3873,0.9392,nan,nan,nan
1271,2001.4890,645.90,102,0.1226,256.5262,0.9105,nan,nan,nan
1272,1995.7346,641.68,92,0.1226,259.4907,0.9247,nan,nan,nan
1273,2534.0107,801.18,92,0.1226,260.5387,0.9324,nan,nan,nan
1274,1811.2483,589.72,113,0.1226,252.8596,0.8961,nan,nan,nan
1275,2342.4797,744.52,82,0.1226,259.9531,0.9381,nan,nan,nan
1276,2253.8133,721.67,90,0.1226,257.3181,0.9216,nan,nan,nan
1277,2687.7101,844.82,79,0.1226,262.3980,0.9496,nan,nan,nan
1278,3682.1759,1147.06,49,0.1226,263.6445,0.9671,nan,nan,nan
1279,2732.6231,858.54,85,0.1226,260.2625,0.9386,nan,nan,nan
1280,2578.8665,817.64,94,0.1226,258.0815,0.9267,nan,nan,nan
1281,2283.5121,726.30,71,0.1226,263.2936,0.9466,nan,nan,nan
1282,1844.6684,595.03,100,0.1226,257.5121,0.9234,nan,nan,nan
1283,3105.8381,973.90,81,0.1226,259.8801,0.9415,nan,nan,nan
1284,2135.3058,683.47,81,0.1226,260.5490,0.9342,nan,nan,nan
1285,2731.9815,856.83,81,0.1226,259.4789,0.9430,nan,nan,nan
1286,2228.7914,709.58,105,0.1226,259.5297,0.9253,nan,nan,nan
1287,2339.6154,751.61,74,0.1226,257.6819,0.9245,nan,nan,nan
1288,2904.4542,918.58,66,0.1226,261.5866,0.9473,nan,nan,nan
1289,2771.7424,872.24,80,0.1226,260.3439,0.9393,nan,nan,nan
1290,2700.4928,860.63,75,0.1226,258.1764,0.9273,nan,nan,nan
1291,2472.6048,785.96,78,0.1226,259.6827,0.9363,nan,nan,nan
1292,2220.3667,705.07,96,0.1226,260.7036,0.9365,nan,nan,nan
1293,2858.6288,899.39,67,0.1226,262.5505,0.9491,nan,nan,nan
1294,2887.8828,909.21,77,0.1226,257.6823,0.9362,nan,nan,nan
1295,2381.1227,760.98,94,0.1226,256.0202,0.9228,nan,nan,nan
1296,2037.1358,663.46,95,0.1226,250.8854,0.8983,nan,nan,nan
1297,2370.8544,753.79,81,0.1226,257.7899,0.9338,nan,nan,nan
1298,2361.1228,752.51,103,0.1226,254.6512,0.9169,nan,nan,nan
1299,2929.6097,919.83,69,0.1226,260.7137,0.9481,nan,nan,nan
1300,2413.3308,770.07,59,0.1226,259.8344,0.9552,nan,nan,nan
1301,2482.1319,789.06,102,0.1226,251.9204,0.9147,nan,nan,nan
1302,2354.7050,745.40,86,0.1226,257.9690,0.9412,nan,nan,nan
1303,2939.9738,928.08,65,0.1226,258.5999,0.9441,nan,nan,nan
1304,2444.8303,773.15,87,0.1226,256.2457,0.9396,nan,nan,nan
1305,1972.3301,633.94,124,0.1226,249.7853,0.8998,nan,nan,nan
1306,2868.4584,907.55,67,0.1226,257.3345,0.9435,nan,nan,nan
1307,2080.8910,668.73,83,0.1226,256.5470,0.9282,nan,nan,nan
1308,2568.6097,805.51,102,0.1226,256.5551,0.9415,nan,nan,nan
1309,2497.7358,787.03,65,0.1226,262.1983,0.9590,nan,nan,nan
1310,2399.6800,761.39,80,0.1226,255.0697,0.9377,nan,nan,nan
1311,2813.5687,887.57,104,0.1226,253.5518,0.9122,nan,nan,nan
1312,1414.3359,473.17,103,0.1226,251.7673,0.9049,nan,nan,nan
1313,2895.8193,916.50,66,0.1226,255.6741,0.9412,nan,nan,nan
1314,2882.1359,911.63,84,0.1226,254.3096,0.9213,nan,nan,nan
1315,2494.0953,794.23,77,0.1226,254.3560,0.9345,nan,nan,nan
1316,2622.4518,833.89,81,0.1226,255.6693,0.9222,nan,nan,nan
1317,2605.0952,830.74,78,0.1226,254.3867,0.9313,nan,nan,nan
1318,2366.2368,755.57,90,0.1226,252.2890,0.9184,nan,nan,nan
1319,2436.9980,773.66,79,0.1226,256.5339,0.9401,nan,nan,nan
1320,2617.8960,826.32,81,0.1226,255.5912,0.9415,nan,nan,nan
1321,2148.3301,688.42,90,0.1226,254.8590,0.9262,nan,nan,nan
1322,2420.3344,769.80,88,0.1226,254.0685,0.9274,nan,nan,nan
1323,2840.4317,891.05,64,0.1226,259.8840,0.9629,nan,nan,nan
1324,2104.6010,675.58,107,0.1226,252.4314,0.9105,nan,nan,nan
1325,2563.9473,822.13,83,0.1226,251.2749,0.9119,nan,nan,nan
1326,3123.3439,983.29,58,0.1226,256.7570,0.9538,nan,nan,nan
1327,3344.3517,1043.74,66,0.1226,259.6859,0.9559,nan,nan,nan
1328,2761.6135,864.02,84,0.1226,257.3676,0.9473,nan,nan,nan
1329,2533.9321,807.78,76,0.1226,256.0622,0.9319,nan,nan,nan
1330,2677.6277,843.95,87,0.1226,256.6776,0.9432,nan,nan,nan
1331,2060.2536,661.08,104,0.1225,250.1839,0.9112,nan,nan,nan
1332,1952.9807,641.40,84,0.1225,250.8049,0.9037,nan,nan,nan
1333,2080.4142,671.17,103,0.1225,251.0622,0.9043,nan,nan,nan
1334,1707.9551,554.06,138,0.1225,248.4270,0.8919,nan,nan,nan
1335,2280.7018,721.23,80,0.1225,255.2166,0.9399,nan,nan,nan
1336,1976.1546,644.70,88,0.1225,250.5011,0.9049,nan,nan,nan
1337,2819.2199,891.52,86,0.1225,253.8932,0.9378,nan,nan,nan
1338,3059.9153,966.38,56,0.1225,257.6865,0.9506,nan,nan,nan
1339,2557.4557,809.95,83,0.1225,254.3951,0.9345,nan,nan,nan
1340,1938.5134,624.70,116,0.1225,247.3638,0.9013,nan,nan,nan
1341,2265.9089,722.80,94,0.1225,251.7619,0.9281,nan,nan,nan
1342,2754.4941,869.93,55,0.1225,256.8905,0.9554,nan,nan,nan
1343,3588.5331,1117.84,67,0.1225,254.7202,0.9534,nan,nan,nan
1344,3007.2969,952.86,77,0.1225,251.7352,0.9281,nan,nan,nan
1345,2691.2405,852.22,60,0.1225,254.4118,0.9475,nan,nan,nan
1346,2587.3327,822.05,86,0.1225,252.0286,0.9176,nan,nan,nan
1347,2296.6651,738.59,102,0.1225,248.7388,0.9102,nan,nan,nan
1348,2864.7753,905.38,53,0.1225,257.9977,0.9567,nan,nan,nan
1349,2280.6532,730.30,98,0.1225,248.4085,0.9077,nan,nan,nan
1350,2153.1511,690.13,118,0.1225,247.1793,0.9082,nan,nan,nan
1351,2289.3309,730.48,71,0.1225,253.6912,0.9394,nan,nan,nan
1352,2391.4563,761.25,72,0.1225,254.8167,0.9447,nan,nan,nan
1353,2428.7362,772.24,121,0.1225,246.5807,0.8981,nan,nan,nan
1354,2528.4327,804.39,64,0.1225,256.6394,0.9485,nan,nan,nan
1355,2603.1934,820.50,66,0.1224,256.9886,0.9456,nan,nan,nan
1356,2529.4324,802.82,108,0.1224,250.6693,0.9182,nan,nan,nan
1357,1820.7700,588.18,101,0.1224,254.1152,0.9199,nan,nan,nan
1358,3338.7989,1040.90,42,0.1224,258.8990,0.9716,nan,nan,nan
1359,2791.7729,878.36,105,0.1224,251.6133,0.9248,nan,nan,nan
1360,1711.3152,557.80,120,0.1224,248.5596,0.8967,nan,nan,nan
1361,1510.9564,503.15,89,0.1224,249.4385,0.9076,nan,nan,nan
1362,2219.3714,711.84,110,0.1224,247.3726,0.9043,nan,nan,nan
1363,2093.3099,671.36,107,0.1224,247.4574,0.9058,nan,nan,nan
1364,1966.0277,635.51,83,0.1224,253.4783,0.9273,nan,nan,nan
1365,2645.8688,841.50,80,0.1224,251.7294,0.9283,nan,nan,nan
1366,2805.4993,884.19,79,0.1224,252.7190,0.9411,nan,nan,nan
1367,3022.9032,949.00,70,0.1224,254.1255,0.9459,nan,nan,nan
1368,2229.5425,712.01,82,0.1224,254.5651,0.9351,nan,nan,nan
1369,2054.6184,658.34,119,0.1224,246.0981,0.9044,nan,nan,nan
1370,2591.3703,824.09,78,0.1224,249.5182,0.9254,nan,nan,nan
1371,1713.7185,564.76,84,0.1224,250.0342,0.9204,nan,nan,nan
1372,2363.0795,755.29,112,0.1224,245.2286,0.8980,nan,nan,nan
1373,2618.0366,828.40,62,0.1224,255.5804,0.9539,nan,nan,nan
1374,2527.2825,803.54,84,0.1224,250.3183,0.9333,nan,nan,nan
1375,2461.5421,782.17,111,0.1224,245.7919,0.9025,nan,nan,nan
1376,1422.0354,476.61,95,0.1224,246.5169,0.9030,nan,nan,nan
1377,2919.3897,916.55,76,0.1224,253.2244,0.9495,nan,nan,nan
1378,2434.1103,768.13,79,0.1224,253.1762,0.9510,nan,nan,nan
1379,2029.0093,653.53,101,0.1224,247.7457,0.9084,nan,nan,nan
1380,2998.6112,946.53,81,0.1224,249.5191,0.9295,nan,nan,nan
1381,1821.5082,593.52,90,0.1224,245.7901,0.9196,nan,nan,nan
1382,2497.9407,794.78,89,0.1224,249.1818,0.9237,nan,nan,nan
1383,2034.4163,650.23,100,0.1224,248.3584,0.9318,nan,nan,nan
1384,2707.1977,848.76,71,0.1224,251.8627,0.9485,nan,nan,nan
1385,2244.0142,718.51,86,0.1224,250.3147,0.9297,nan,nan,nan
1386,2946.8900,924.54,82,0.1224,251.2990,0.9483,nan,nan,nan
1387,4079.8770,1267.08,49,0.1224,254.6798,0.9644,nan,nan,nan
1388,2662.2285,841.09,76,0.1224,250.7289,0.9445,nan,nan,nan
1389,2337.6374,748.20,109,0.1224,245.4234,0.8988,nan,nan,nan
1390,2098.2402,675.95,73,0.1224,248.5853,0.9330,nan,nan,nan
1391,2358.1702,750.23,90,0.1224,249.4280,0.9319,nan,nan,nan
1392,3113.2785,979.76,84,0.1224,249.3643,0.9312,nan,nan,nan
1393,2883.6441,912.71,49,0.1224,253.5100,0.9601,nan,nan,nan
1394,2840.8626,893.70,71,0.1224,253.0194,0.9504,nan,nan,nan
1395,2189.9280,701.12,112,0.1224,245.0311,0.8992,nan,nan,nan
1396,2187.2511,704.00,79,0.1224,252.0657,0.9334,nan,nan,nan
1397,2120.0765,681.10,96,0.1224,246.1293,0.9139,nan,nan,nan
1398,2386.0435,757.58,85,0.1224,251.3325,0.9381,nan,nan,nan
1399,3338.4002,1038.65,63,0.1224,255.1960,0.9606,nan,nan,nan
1400,2725.8477,860.80,74,0.1224,250.8977,0.9420,nan,nan,nan
1401,3561.6841,1109.84,62,0.1224,253.4132,0.9622,nan,nan,nan
1402,3292.7328,1035.67,55,0.1223,251.6512,0.9504,nan,nan,nan
1403,2685.1259,857.02,83,0.1224,245.5736,0.9174,nan,nan,nan
1404,2045.4417,655.94,109,0.1224,249.8979,0.9173,nan,nan,nan
1405,2592.0761,821.39,74,0.1224,248.5911,0.9414,nan,nan,nan
1406,3536.2326,1098.33,54,0.1223,254.9617,0.9690,nan,nan,nan
1407,3032.3816,946.89,83,0.1223,251.1864,0.9526,nan,nan,nan
1408,3352.1312,1044.76,54,0.1224,253.1993,0.9663,nan,nan,nan
1409,2624.8344,838.40,73,0.1224,247.7923,0.9306,nan,nan,nan
1410,3044.5300,958.80,86,0.1224,244.2552,0.9231,nan,nan,nan
1411,1843.5845,604.22,95,0.1224,245.5053,0.9046,nan,nan,nan
1412,2456.9505,781.91,91,0.1223,245.4911,0.9225,nan,nan,nan
1413,1920.8277,617.12,122,0.1223,243.8097,0.9083,nan,nan,nan
1414,1842.1821,602.71,84,0.1223,245.4871,0.9108,nan,nan,nan
1415,2290.1078,732.18,93,0.1223,244.9544,0.9260,nan,nan,nan
1416,2579.0334,815.43,94,0.1223,248.1428,0.9259,nan,nan,nan
1417,1697.5682,554.18,85,0.1223,248.7314,0.9257,nan,nan,nan
1418,3221.4586,1008.61,69,0.1223,253.4765,0.9555,nan,nan,nan
1419,2446.3557,780.00,87,0.1223,245.9078,0.9234,nan,nan,nan
1420,1917.9341,616.61,101,0.1223,247.2063,0.9194,nan,nan,nan
1421,2471.8578,788.91,86,0.1223,244.6060,0.9238,nan,nan,nan
1422,2416.1984,767.38,88,0.1223,247.2384,0.9316,nan,nan,nan
1423,2671.7349,851.48,77,0.1223,244.9329,0.9240,nan,nan,nan
1424,2097.7934,674.19,102,0.1223,247.5072,0.9169,nan,nan,nan
1425,2991.2547,939.89,64,0.1223,248.9507,0.9523,nan,nan,nan
1426,1534.0529,510.17,128,0.1223,239.7666,0.8684,nan,nan,nan
1427,2167.3301,699.24,108,0.1223,240.1665,0.8942,nan,nan,nan
1428,2752.8358,871.56,66,0.1223,249.8479,0.9471,nan,nan,nan
1429,2403.3277,764.40,80,0.1223,250.7897,0.9351,nan,nan,nan
1430,2985.2183,939.09,88,0.1223,247.1770,0.9340,nan,nan,nan
1431,2385.0549,759.65,68,0.1223,249.5240,0.9444,nan,nan,nan
1432,3523.4408,1104.72,57,0.1223,250.9808,0.9482,nan,nan,nan
1433,2895.4518,910.03,87,0.1223,250.3743,0.9409,nan,nan,nan
1434,1886.0336,606.73,92,0.1223,246.6805,0.9287,nan,nan,nan
1435,2749.7023,873.66,70,0.1223,246.0820,0.9278,nan,nan,nan
1436,1669.8051,543.21,142,0.1223,239.9832,0.8852,nan,nan,nan
1437,3442.6673,1071.76,67,0.1223,251.8517,0.9642,nan,nan,nan
1438,2004.0486,643.37,51,0.1223,251.1136,0.9590,nan,nan,nan
1439,3205.3697,999.90,91,0.1223,247.8002,0.9479,nan,nan,nan
1440,2820.5870,883.75,75,0.1223,248.7600,0.9511,nan,nan,nan
1441,2752.8654,870.93,44,0.1223,250.8753,0.9601,nan,nan,nan
1442,3205.8142,1005.11,97,0.1223,246.3217,0.9280,nan,nan,nan
1443,2441.9130,780.25,79,0.1223,244.4081,0.9273,nan,nan,nan
1444,1841.8385,591.50,72,0.1223,248.9055,0.9524,nan,nan,nan
1445,3248.5652,1019.26,90,0.1223,243.2584,0.9201,nan,nan,nan
1446,2139.7891,689.50,100,0.1223,241.2357,0.9133,nan,nan,nan
1447,2248.7441,724.16,45,0.1223,250.2312,0.9615,nan,nan,nan
1448,2823.3640,891.86,107,0.1223,242.1477,0.9066,nan,nan,nan
1449,2594.6653,823.06,78,0.1223,243.4323,0.9206,nan,nan,nan
1450,2174.4996,709.86,66,0.1223,247.4125,0.9325,nan,nan,nan
1451,3091.8273,972.27,91,0.1223,243.2644,0.9299,nan,nan,nan
1452,2234.9677,721.90,73,0.1223,245.1596,0.9237,nan,nan,nan
1453,2133.5345,691.90,86,0.1223,243.7725,0.9079,nan,nan,nan
1454,2265.7403,728.02,103,0.1223,241.7549,0.9009,nan,nan,nan
1455,2842.8788,896.63,71,0.1223,249.2116,0.9494,nan,nan,nan
1456,1597.3797,520.92,90,0.1223,244.9419,0.9272,nan,nan,nan
1457,3265.8384,1024.78,83,0.1223,244.8496,0.9280,nan,nan,nan
1458,1705.3317,556.24,115,0.1223,243.6520,0.9084,nan,nan,nan
1459,4218.5174,1313.50,38,0.1223,251.4426,0.9698,nan,nan,nan
1460,2499.5614,792.49,97,0.1223,242.8513,0.9202,nan,nan,nan
1461,1882.1541,603.78,125,0.1223,243.2678,0.9134,nan,nan,nan
1462,2309.9474,739.81,75,0.1223,245.6651,0.9346,nan,nan,nan
1463,3458.6746,1084.09,58,0.1223,244.7102,0.9400,nan,nan,nan
1464,1974.6194,638.49,119,0.1223,239.7279,0.8934,nan,nan,nan
1465,2685.8733,852.53,79,0.1223,245.2518,0.9400,nan,nan,nan
1466,2536.6288,809.46,52,0.1223,248.0671,0.9537,nan,nan,nan
1467,3237.0433,1020.00,84,0.1223,242.7792,0.9262,nan,nan,nan
1468,2761.1491,867.65,84,0.1223,246.5389,0.9398,nan,nan,nan
1469,1692.2592,555.66,79,0.1223,243.6200,0.9216,nan,nan,nan
1470,2624.5028,827.59,108,0.1223,241.4875,0.9223,nan,nan,nan
1471,2319.2057,741.28,79,0.1223,245.5355,0.9326,nan,nan,nan
1472,1939.2664,627.30,79,0.1223,243.8856,0.9339,nan,nan,nan
1473,2042.4959,659.04,125,0.1223,235.6556,0.8854,nan,nan,nan
1474,2763.5181,873.52,66,0.1223,247.1731,0.9511,nan,nan,nan
1475,3070.1957,959.31,59,0.1223,248.8759,0.9599,nan,nan,nan
1476,2478.2643,787.14,94,0.1223,243.3469,0.9215,nan,nan,nan
1477,2156.6651,695.28,109,0.1223,239.9575,0.9004,nan,nan,nan
1478,2061.7031,661.99,69,0.1223,245.9381,0.9399,nan,nan,nan
1479,2440.4844,776.78,87,0.1223,242.2330,0.9277,nan,nan,nan
1480,2131.3430,685.21,119,0.1223,237.6157,0.8943,nan,nan,nan
1481,2463.2977,788.97,62,0.1223,243.4553,0.9429,nan,nan,nan
1482,2795.3606,876.93,72,0.1223,246.2510,0.9517,nan,nan,nan
1483,2452.9942,777.66,120,0.1223,240.0806,0.9082,nan,nan,nan
1484,2796.5487,880.83,54,0.1222,247.2041,0.9585,nan,nan,nan
1485,2301.8070,737.40,75,0.1222,245.2530,0.9370,nan,nan,nan
1486,3049.1354,959.80,99,0.1222,242.6753,0.9192,nan,nan,nan
1487,3192.5057,995.93,41,0.1222,249.3811,0.9706,nan,nan,nan
1488,2890.5748,915.10,63,0.1222,246.7671,0.9488,nan,nan,nan
1489,3026.3993,949.86,103,0.1222,242.4532,0.9277,nan,nan,nan
1490,2395.9605,763.00,55,0.1222,247.4400,0.9571,nan,nan,nan
1491,3184.4475,995.78,60,0.1222,247.3164,0.9566,nan,nan,nan
1492,2473.0845,792.99,119,0.1222,232.8162,0.8760,nan,nan,nan
1493,2063.6153,666.03,79,0.1222,242.2356,0.9319,nan,nan,nan
1494,2719.4740,863.29,52,0.1222,247.7729,0.9558,nan,nan,nan
1495,3387.8718,1063.88,77,0.1223,241.6928,0.9339,nan,nan,nan
1496,2956.4387,932.27,75,0.1222,243.7399,0.9379,nan,nan,nan
1497,2543.1567,807.80,60,0.1222,244.3218,0.9519,nan,nan,nan
1498,2909.1264,916.38,97,0.1222,240.4326,0.9153,nan,nan,nan
1499,2064.8004,671.14,79,0.1222,243.1581,0.9276,nan,nan,nan
