episode_id,step,cart_velocity,pole_angular_velocity,pole_angle,cart_position,motor_command,reward,done
0,0,-0.122345634,-0.14282551,-0.98641133,0.0,,-9.807189,1
1,0,0.044813383,0.0,-0.0027777776,0.0,-0.026111109440000002,-7.6154356e-05,0
1,1,0.044760685,-0.23988786,-0.08657881,0.0007459717,-1.0,-0.6494436,0
1,2,0.03603501,-0.046408124,-0.09064646,0.0013465576,-1.0,-0.10263444,0
1,3,0.02730933,-0.049763985,-0.09523205,0.0018017578,-1.0,-0.11427502,0
1,4,0.018583652,-0.05342292,-0.10036583,0.0021114503,-1.0,-0.12796181,0
1,5,0.009857976,-0.0574313,-0.10608239,0.0022757568,-1.0,-0.14405346,0
1,6,0.0011322994,-0.061828393,-0.11242013,0.0022946778,-1.0,-0.16296503,0
1,7,-0.007593377,-0.06665677,-0.119421646,0.0021680908,-1.0,-0.18518925,0
1,8,-0.016319053,-0.07197065,-0.12713426,0.0018961182,-1.0,-0.21132317,0
1,9,-0.025044732,-0.07781765,-0.13560982,0.0014787598,-1.0,-0.2420592,0
1,10,-0.03377041,-0.084250845,-0.14490488,0.0009158935,-1.0,-0.27821878,0
1,11,-0.042496085,-0.09133245,-0.15508135,0.0002076416,-1.0,-0.3207824,0
1,12,-0.05122176,-0.099119514,-0.16620597,0.0006459961,-1.0,-0.37088916,0
1,13,-0.059947442,-0.107675254,-0.17835073,0.0016451416,-1.0,-0.42988303,0
1,14,-0.06867312,-0.11707045,-0.19159304,0.002789673,-1.0,-0.49935123,0
1,15,-0.0773988,-0.12736887,-0.20601517,0.004079712,-1.0,-0.5811249,0
1,16,-0.08612447,-0.13864681,-0.2217047,0.0055151368,-1.0,-0.67736506,0
1,17,-0.09485015,-0.15097095,-0.23875348,0.0070959474,-1.0,-0.7905468,0
1,18,-0.103575826,-0.16440739,-0.25725716,0.008822266,-1.0,-0.9235196,0
1,19,-0.112301506,-0.17902242,-0.27731442,0.01069397,-1.0,-1.0795527,0
1,20,-0.12102719,-0.19486871,-0.29902548,0.012711059,-1.0,-1.2623218,0
1,21,-0.12975286,-0.2119848,-0.3224902,0.014873657,-1.0,-1.4759243,0
1,22,-0.13847853,-0.23039448,-0.34780598,0.01718164,-1.0,-1.72488,0
1,23,-0.1472042,-0.2500903,-0.3750647,0.01963501,-1.0,-2.0140364,0
1,24,-0.1559299,-0.27102977,-0.4043491,0.022233887,-1.0,-2.348481,0
1,25,-0.16465557,-0.2931262,-0.43572846,0.02497815,-1.0,-2.7333777,0
1,26,-0.17338124,-0.31623384,-0.4692537,0.027867798,-1.0,-3.1737044,0
1,27,-0.18210691,-0.34013957,-0.50495166,0.030902954,,-3.673941,1
2,0,-0.06499356,0.0,-0.0027777776,0.0,-0.026111109440000002,-7.6154356e-05,0
2,1,-0.06499356,0.014692068,-0.019974357,0.0010832519,-0.11429861580000002,-0.0060968804,0
2,2,-0.06537539,0.013294515,-0.019819668,0.0021728515,-0.11983230419999999,-0.0056467727,0
2,3,-0.06582551,0.011946565,-0.019817464,0.0032698975,-0.1265513366,-0.0053086584,0
2,4,-0.06636264,0.010646657,-0.01996417,0.0043759765,-0.134429913,-0.005076797,0
2,5,-0.06700711,0.009385819,-0.020257335,0.005492798,-0.14348985400000003,-0.0049461084,0
2,6,-0.06778155,0.008160871,-0.020695273,0.0066224365,-0.1537312112,-0.0049150223,0
2,7,-0.06871071,0.0069742473,-0.021276776,0.007767578,-0.16513045790000003,-0.004984551,0
2,8,-0.069821045,0.0058224886,-0.022001402,0.0089312745,-0.1777007358,-0.005156395,0
2,9,-0.07114132,0.004703811,-0.02286941,0.010116943,-0.19145339900000002,-0.005434336,0
2,10,-0.0727026,0.003620329,-0.023881473,0.011328613,-0.2063842012,-0.0058241165,0
2,11,-0.07453796,0.0025740298,-0.025038762,0.012570923,-0.2224942138,-0.0063329157,0
2,12,-0.07668261,0.0015652388,-0.026343033,0.013848999,-0.23979831619999997,-0.006969463,0
2,13,-0.079174094,0.00059677695,-0.027796417,0.015168579,-0.25830243505,-0.007744264,0
2,14,-0.082052186,-0.00032699166,-0.029401416,0.016536133,-0.2780082687,-0.008669505,0
2,15,-0.085358754,-0.0012042639,-0.031161027,0.01795874,-0.2989349733,-0.009759243,0
2,16,-0.08913817,-0.0020285607,-0.033078503,0.019444335,-0.32108073170000007,-0.011029389,0
2,17,-0.09343686,-0.0027954667,-0.035157498,0.021001587,-0.34445781470000003,-0.0124980025,0
2,18,-0.098303586,-0.0034988318,-0.03740191,0.022640014,-0.369072113,-0.014185323,0
2,19,-0.10378935,-0.004136241,-0.03981611,0.024369873,-0.394952639,-0.016114539,0
2,20,-0.10994798,-0.004699984,-0.042404793,0.026202392,-0.42210497420000004,-0.018311372,0
2,21,-0.11683557,-0.005185172,-0.045172997,0.028149659,-0.45055203180000003,-0.020804973,0
2,22,-0.12451098,-0.005582854,-0.04812589,0.030224854,-0.48029763600000003,-0.023627464,0
2,23,-0.13303532,-0.0058883075,-0.05126916,0.032442138,-0.5113716415,-0.026815487,0
2,24,-0.14247274,-0.0060973344,-0.054608874,0.03481665,-0.5438100876,-0.03041031,0
2,25,-0.15289071,-0.0061984356,-0.058151234,0.037364867,-0.5776137776,-0.034456994,0
2,26,-0.16435899,-0.0061934525,-0.0619033,0.040104125,-0.6128582825000001,-0.039008267,0
2,27,-0.17695203,-0.0060691293,-0.06587212,0.043053344,-0.6495435745000001,-0.0441207,0
2,28,-0.19074675,-0.0058285017,-0.07006572,0.04623242,-0.6877602765,-0.049860355,0
2,29,-0.20582552,-0.0054633203,-0.074492484,0.049662843,-0.7275459511000001,-0.056299396,0
2,30,-0.22227468,-0.0049725375,-0.07916151,0.053367432,-0.7689808815000001,-0.06351963,0
2,31,-0.24018613,-0.0013271208,-0.079231925,0.057370484,-0.7514156989999999,-0.06362169,0
2,32,-0.25747338,-0.00097347377,-0.08412512,0.061661743,-0.79564349685,-0.0717581,0
2,33,-0.27634415,-0.00048797057,-0.08929566,0.06626745,-0.84181905685,-0.08089549,0
2,34,-0.29690912,0.00013238145,-0.094754726,0.07121594,-0.89003251715,-0.091149874,0
2,35,-0.31928614,0.0008792205,-0.10051489,0.076537356,-0.9404438635,-0.102651745,0
2,36,-0.3436032,0.0017459632,-0.106590115,0.082264036,-0.993217265,-0.115547225,0
2,37,-0.36999902,0.0027207467,-0.11299603,0.088430665,-1.0,-0.13000014,0
2,38,-0.3966655,0.0031044648,-0.11978652,0.095041744,-1.0,-0.14622995,0
2,39,-0.42333204,0.0027430742,-0.12702431,0.10209729,-1.0,-0.16453499,0
2,40,-0.44999853,0.0015661365,-0.13477656,0.10959729,-1.0,-0.18530893,0
2,41,-0.47666505,-0.00050489244,-0.14311533,0.117541745,-1.0,-0.20905977,0
2,42,-0.50333154,-0.0035622262,-0.15211806,0.12593067,-1.0,-0.2364379,0
2,43,-0.52999806,-0.0077107446,-0.16186836,0.13476391,-1.0,-0.26827234,0
2,44,-0.5566645,-0.01306391,-0.17245585,0.14404163,-1.0,-0.30561274,0
2,45,-0.58333105,-0.019756498,-0.18397722,0.1537638,-1.0,-0.3497874,0
2,46,-0.58861864,-0.03447763,-0.1968832,0.1635741,-1.0,-0.40784073,0
2,47,-0.58861864,-0.05204781,-0.21134141,0.1733844,-1.0,-0.48294863,0
2,48,-0.58861864,-0.070923045,-0.22743501,0.1831947,-1.0,-0.57760286,0
2,49,-0.58861864,-0.09121637,-0.24525166,0.19300501,-1.0,-0.6954704,0
2,50,-0.58861864,-0.113028705,-0.26488182,0.20281531,-1.0,-0.8407968,0
2,51,-0.58861864,-0.13644093,-0.2864164,0.21262561,-1.0,-1.0184128,0
2,52,-0.58861864,-0.16150723,-0.30994362,0.2224359,-1.0,-1.2337089,0
2,53,-0.58861864,-0.18824211,-0.33554563,0.23224622,-1.0,-1.4925475,0
2,54,-0.58861864,-0.21660757,-0.36329404,0.24205652,-1.0,-1.8010998,0
2,55,-0.58861864,-0.24650249,-0.39324525,0.25186682,-1.0,-2.165607,0
2,56,-0.58861864,-0.27774477,-0.42543483,0.26167712,-1.0,-2.5920062,0
2,57,-0.58861864,-0.31006008,-0.45987216,0.2714874,-1.0,-3.0854728,0
2,58,-0.58861864,-0.34307072,-0.4965347,0.28129774,-1.0,-3.649858,0
2,59,-0.58861864,-0.3762917,-0.53536326,0.29110804,,-4.2870913,1
3,0,0.21537158,0.0,-0.0027777776,0.0,-0.026111109440000002,-7.6154356e-05,0
3,1,0.21537158,-0.11053667,0.06880421,0.0035894776,0.09407622400000004,-0.16891289,0
3,2,0.21537158,-0.10479156,0.061720025,0.0071789552,0.056210435,-0.14743537,0
3,3,0.21537158,-0.09961215,0.055218775,0.010768432,0.020995735000000015,-0.12937732,0
3,4,0.21537158,-0.09495486,0.049240652,0.0143579105,-0.011912171199999932,-0.114197604,0
3,5,0.21537158,-0.09078072,0.043730672,0.017947387,-0.04283528319999996,-0.10144679,0
3,6,0.21537158,-0.08705391,0.0386382,0.021536864,-0.07207047,-0.09075019,0
3,7,0.21537158,-0.08374093,0.033916604,0.025126344,-0.09988857239999999,-0.08179446,0
3,8,0.21519643,-0.080747575,0.029526195,0.028712891,-0.126191642,-0.074218206,0
3,9,0.21467097,-0.07798429,0.025433771,0.03229077,-0.1508440026,-0.067721255,0
3,10,0.21371311,-0.075391494,0.021610834,0.03585266,-0.17381563040000003,-0.062090863,0
3,11,0.21227767,-0.07293199,0.01803223,0.039390624,-0.195156988,-0.057175785,0
3,12,0.2103417,-0.0705792,0.01467548,0.042896364,-0.214946488,-0.0528599,0
3,13,0.20789705,-0.06830884,0.011520502,0.046361327,-0.23325148119999994,-0.04904557,0
3,14,0.20494634,-0.06610741,0.008548921,0.049777098,-0.2501771926,-0.045662086,0
3,15,0.20149903,-0.06396126,0.0057440586,0.053135376,-0.26581214916000007,-0.042647753,0
3,16,0.19756964,-0.061865687,0.0030903625,0.056428224,-0.2802790275,-0.039959963,0
3,17,0.19317505,-0.05981061,0.0005735423,0.05964783,-0.29366175238,-0.037555266,0
3,18,0.18833424,-0.05779255,-0.0018198278,0.06278674,-0.30606913132,-0.035403565,0
3,19,0.18306655,-0.055808526,-0.0041023106,0.06583789,-0.31760434963999995,-0.033479325,0
3,20,0.17739083,-0.053854365,-0.0062856628,0.06879444,-0.32835705532000004,-0.031759206,0
3,21,0.17132534,-0.051930647,-0.008381172,0.0716499,-0.33843625180000003,-0.030228056,0
3,22,0.16488644,-0.05003172,-0.010399352,0.07439795,-0.3479125088,-0.028866623,0
3,23,0.15808943,-0.04816156,-0.012350495,0.077032715,-0.356902453,-0.027667835,0
3,24,0.15094651,-0.046316184,-0.014244282,0.07954846,-0.36547717080000003,-0.026618406,0
3,25,0.14346816,-0.044492938,-0.016089946,0.08193958,-0.37371018240000003,-0.025708368,0
3,26,0.1356627,-0.04269101,-0.01789637,0.08420056,-0.38168092800000003,-0.024931129,0
3,27,0.12753597,-0.040910345,-0.019672224,0.086326174,-0.3894706306,-0.024282169,0
3,28,0.119090945,-0.039147202,-0.021425726,0.08831103,-0.3971378344,-0.023755213,0
3,29,0.11032849,-0.037400194,-0.023164893,0.0901499,-0.4047509642,-0.0233474,0
3,30,0.10124684,-0.035664737,-0.024897337,0.0918374,-0.4123586528,-0.023054734,0
3,31,0.09184229,-0.033941336,-0.026630612,0.093368165,-0.4200344328,-0.022878371,0
3,32,0.082107976,-0.032222368,-0.028371803,0.09473657,-0.4278067882,-0.02281495,0
3,33,0.07203577,-0.030511225,-0.03012814,0.09593713,-0.435760641,-0.02287,0
3,34,0.06161364,-0.028800458,-0.031906445,0.09696399,-0.443922873,-0.023043137,0
3,35,0.050828125,-0.027088767,-0.03371351,0.097811155,-0.45235082900000007,-0.023339324,0
3,36,0.03966288,-0.02536726,-0.03555571,0.09847217,-0.461059974,-0.023760602,0
3,37,0.028100459,-0.02363914,-0.03743967,0.09894055,-0.47012859800000006,-0.024317218,0
3,38,0.016119367,-0.021893023,-0.039371535,0.09920923,-0.479557544,-0.02501333,0
3,39,0.0036975108,-0.02012799,-0.041357525,0.09927087,-0.489400685,-0.025860127,0
3,40,-0.00919034,-0.018337753,-0.043403693,0.099117674,-0.4996834792,-0.026868049,0
3,41,-0.022571338,-0.016519599,-0.045516185,0.09874146,-0.510450134,-0.028050996,0
3,42,-0.036475543,-0.014668706,-0.04770102,0.09813354,-0.521733118,-0.029423978,0
3,43,-0.050935484,-0.012779492,-0.04996429,0.09728467,-0.533561786,-0.031004086,0
3,44,-0.06598613,-0.010845119,-0.052311923,0.09618494,-0.5459576712,-0.03281048,0
3,45,-0.081664555,-0.008860087,-0.05474987,0.09482385,-0.558949213,-0.03486541,0
3,46,-0.09801045,-0.0068215816,-0.05728426,0.093190305,-0.572579952,-0.03719453,0
3,47,-0.11506698,-0.0047272956,-0.059921443,0.091272585,-0.5868980422,-0.039826415,0
3,48,-0.13288122,-0.002563887,-0.06266756,0.08905786,-0.601894499,-0.042791523,0
3,49,-0.15150127,-0.00033413852,-0.06552914,0.08653284,-0.6176446086,-0.04612584,0
3,50,-0.17098087,0.0019708215,-0.06851288,0.0836831,-0.6341669645,-0.04986834,0
3,51,-0.19137655,0.004350948,-0.07162587,0.08049353,-0.6515284379999999,-0.05406261,0
3,52,-0.21275051,0.00681848,-0.07487511,0.07694763,-0.669733634,-0.05875717,0
3,53,-0.23516724,0.009368717,-0.07826836,0.0730282,-0.688878999,-0.06400485,0
3,54,-0.2586991,0.012009835,-0.08181362,0.068716556,-0.7089988530000001,-0.06986523,0
3,55,-0.28342298,0.014743054,-0.08551952,0.0639928,-0.7301682180000001,-0.07640335,0
3,56,-0.309423,0.017568817,-0.089395404,0.058835693,-0.7524727126,-0.08369078,0
3,57,-0.33679155,0.020486044,-0.093451455,0.053222533,-0.776013457,-0.09180607,0
3,58,-0.36563072,0.02350099,-0.09769831,0.047128662,-0.800859164,-0.100838505,0
3,59,-0.3960508,0.026604373,-0.10214816,0.04052783,-0.827170839,-0.110881075,0
3,60,-0.42817682,0.02979659,-0.1068141,0.033391602,-0.85506959,-0.122040674,0
3,61,-0.4621467,0.0330717,-0.11171073,0.025689209,-0.884722362,-0.13443297,0
3,62,-0.4981152,0.036421776,-0.11685433,0.017387329,-0.9163218220000001,-0.14818545,0
3,63,-0.5362569,0.03983497,-0.122263096,0.008449707,-0.9500982524,-0.16343741,0
3,64,-0.57677,0.043294642,-0.12795763,0.0011630859,-0.986328512,-0.18034151,0
3,65,-0.6174889,0.04597215,-0.13400413,0.01145459,-1.0,-0.19842955,0
3,66,-0.6582078,0.047704525,-0.14047833,0.022424683,-1.0,-0.21777701,0
3,67,-0.6989266,0.0483969,-0.14746179,0.034073487,-1.0,-0.23861745,0
3,68,-0.7396455,0.047926717,-0.15504323,0.04640088,-1.0,-0.26129577,0
3,69,-0.7803644,0.046160858,-0.16331895,0.05940698,-1.0,-0.28632557,0
3,70,-0.82108325,0.042937007,-0.17239395,0.07309168,-1.0,-0.31442848,0
3,71,-0.8618021,0.038076438,-0.18238243,0.08745508,-1.0,-0.3466185,0
3,72,-0.902521,0.031367816,-0.19340865,0.10249707,-1.0,-0.38428363,0
3,73,-0.94323987,0.022581039,-0.20560692,0.118217774,-1.0,-0.42931646,0
3,74,-0.9839587,0.011449546,-0.21912208,0.13461706,-1.0,-0.48425582,0
3,75,-1.0,-0.009159126,-0.23447187,0.1512837,-1.0,-0.5548841,0
3,76,-1.0,-0.036327817,-0.25199535,0.16795032,-1.0,-0.654037,0
3,77,-1.0,-0.065573394,-0.27177557,0.18461694,-1.0,-0.78902876,0
3,78,-1.0,-0.09702474,-0.2938931,0.20128357,-1.0,-0.9668644,0
3,79,-1.0,-0.13075303,-0.31842,0.2179502,-1.0,-1.1954067,0
3,80,-1.0,-0.16675007,-0.34541318,0.23461682,-1.0,-1.4831235,0
3,81,-1.0,-0.20490599,-0.37490654,0.25128344,-1.0,-1.8386577,0
3,82,-1.0,-0.24498188,-0.4069031,0.26795015,-1.0,-2.2701716,0
3,83,-1.0,-0.28659463,-0.44136682,0.28461683,-1.0,-2.7845132,0
3,84,-1.0,-0.32920203,-0.4782164,0.3012835,-1.0,-3.3862147,0
3,85,-1.0,-0.3721063,-0.51732063,0.3179502,,-4.076487,1
4,0,0.036900606,0.0,-0.0027777776,0.0,-0.026111109440000002,-7.6154356e-05,0
4,1,0.036806233,0.058849372,0.09436987,0.00061340333,1.0,-0.12252814,0
4,2,0.058890652,0.057556313,0.101415016,0.0015949707,1.0,-0.13463749,0
4,3,0.08097507,0.0568556,0.10877916,0.00294458,1.0,-0.14911604,0
4,4,0.103059486,0.05677889,0.11651993,0.0046622315,1.0,-0.16624787,0
4,5,0.1251439,0.057368588,0.124697775,0.0067479247,1.0,-0.18640208,0
4,6,0.14722833,0.058669336,0.13337618,0.009201782,1.0,-0.21003568,0
4,7,0.16931275,0.06074177,0.14262258,0.012023682,1.0,-0.23772751,0
4,8,0.19139716,0.063647784,0.15250832,0.015213623,1.0,-0.27018118,0
4,9,0.21348156,0.067459464,0.1631093,0.018771606,1.0,-0.30826128,0
4,10,0.23556598,0.072257906,0.17450626,0.022697754,1.0,-0.35302314,0
4,11,0.2576504,0.07813861,0.18678536,0.026991943,1.0,-0.40575907,0
4,12,0.2797348,0.08520145,0.20003809,0.031654175,1.0,-0.46802852,0
4,13,0.3018192,0.09355724,0.21436158,0.03668445,1.0,-0.5417195,0
4,14,0.32390362,0.1033258,0.22985832,0.042082887,1.0,-0.6291068,0
4,15,0.34598804,0.11463853,0.24663627,0.047849365,1.0,-0.7329273,0
4,16,0.36807245,0.1276289,0.26480776,0.053983886,1.0,-0.8564364,0
4,17,0.39015687,0.14243361,0.28448886,0.06048645,1.0,-1.0034883,0
4,18,0.41224128,0.1591838,0.30579734,0.067357175,1.0,-1.1785899,0
4,19,0.4343257,0.17800605,0.32885095,0.07459595,1.0,-1.3869718,0
4,20,0.43679065,0.20247158,0.3539482,0.081875734,1.0,-1.6497568,0
4,21,0.43679065,0.22869262,0.38117686,0.08915552,1.0,-1.9609897,0
4,22,0.43679065,0.25609377,0.4105871,0.0964353,1.0,-2.3243253,0
4,23,0.43679065,0.28450757,0.44221124,0.103715084,1.0,-2.744833,0
4,24,0.43679065,0.31368726,0.47605878,0.110994875,1.0,-3.2269251,0
4,25,0.43679065,0.34329966,0.51211077,0.11827466,,-3.7739189,1
5,0,0.07516608,0.0,-0.0027777776,0.0,-0.026111109440000002,-7.6154356e-05,0
5,1,0.075103395,-0.035701532,0.011789879,0.001251709,-0.06768279740000001,-0.014118664,0
5,2,0.074763484,-0.03449972,0.009586815,0.0024978027,-0.08238253899999999,-0.012812512,0
5,3,0.07430605,-0.033430062,0.0074931066,0.003736206,-0.09671510796000002,-0.011736815,0
5,4,0.07372693,-0.0324852,0.0054928,0.004964966,-0.11079367999999998,-0.010862981,0
5,5,0.07302229,-0.031654067,0.003571096,0.006182007,-0.12470203260000001,-0.010164775,0
5,6,0.07218842,-0.030926753,0.001714116,0.007385132,-0.13852107460000002,-0.009620909,0
5,7,0.071221456,-0.030297179,-9.134148e-05,0.0085721435,-0.15234450491200002,-0.009216012,0
5,8,0.070117034,-0.02975758,-0.001857763,0.009740722,-0.1662508722,-0.00893664,0
5,9,0.068870276,-0.029303927,-0.0035971778,0.0108885495,-0.18033310632,-0.008774191,0
5,10,0.06747552,-0.028930942,-0.005321142,0.012013184,-0.1946734448,-0.008721605,0
5,11,0.06592627,-0.028629865,-0.0070406613,0.013111939,-0.20933154122,-0.008771899,0
5,12,0.06421539,-0.028403249,-0.008766669,0.014182251,-0.22442293359999999,-0.008926537,0
5,13,0.062334403,-0.02824133,-0.010509586,0.015221192,-0.23999675839999998,-0.009181681,0
5,14,0.060274113,-0.028142283,-0.012279736,0.016225709,-0.2561409334,-0.009539774,0
5,15,0.058024123,-0.028107285,-0.014087536,0.01719275,-0.2729592634,-0.0100067,0
5,16,0.055572566,-0.028133348,-0.015943365,0.018119019,-0.290534371,-0.010587765,0
5,17,0.052906264,-0.028211221,-0.017857164,0.019000733,-0.3089134466,-0.011286447,0
5,18,0.050011106,-0.028348282,-0.019839495,0.019834228,-0.328232663,-0.012117681,0
5,19,0.046870854,-0.028537372,-0.021900706,0.020615356,-0.3485534964,-0.013090179,0
5,20,0.043468025,-0.028780395,-0.024051502,0.021339843,-0.3699860938,-0.014220123,0
5,21,0.039783165,-0.029073443,-0.026302624,0.02200293,-0.3926118806,-0.015522786,0
5,22,0.03579515,-0.029414648,-0.028665096,0.022599487,-0.4165251424,-0.017017316,0
5,23,0.031480916,-0.02980565,-0.031150369,0.023124145,-0.4418417186,-0.018728057,0
5,24,0.026815107,-0.030244684,-0.033770178,0.023571044,-0.4686630932,-0.02068075,0
5,25,0.021770127,-0.030730411,-0.036536634,0.023933837,-0.4970964146,-0.022905186,0
5,26,0.016315982,-0.031265803,-0.039462574,0.024205811,-0.5272772106000001,-0.025438348,0
5,27,0.010419749,-0.03184554,-0.042561036,0.024379516,-0.5593014384,-0.02831678,0
5,28,0.004046032,-0.032469437,-0.045845646,0.0244469,-0.5932962573999999,-0.031585634,0
5,29,-0.0028436112,-0.03314346,-0.0493309,0.024399536,-0.62942776,-0.035300616,0
5,30,-0.010291419,-0.033860683,-0.053031683,0.024228027,-0.6678012352,-0.039515834,0
5,31,-0.018342633,-0.034625117,-0.05696376,0.023922363,-0.708584929,-0.044300713,0
5,32,-0.027046623,-0.035433773,-0.061143436,0.023471558,-0.7519171634000001,-0.04972869,0
5,33,-0.03645661,-0.036290817,-0.065588094,0.022863891,-0.7979821686,-0.05588866,0
5,34,-0.04663057,-0.037197363,-0.07031597,0.02208667,-0.846956933,-0.06287898,0
5,35,-0.05763132,-0.03815458,-0.075346254,0.021126099,-0.8990276876000001,-0.0708112,0
5,36,-0.06952692,-0.0391656,-0.0806992,0.019967286,-0.95440048,-0.07981321,0
5,37,-0.081698485,-0.040483586,-0.08640946,0.018605592,-1.0,-0.090254635,0
5,38,-0.09387006,-0.04224276,-0.092519745,0.017041137,-1.0,-0.10247257,0
5,39,-0.106041625,-0.044470325,-0.09907526,0.015273804,-1.0,-0.116771884,0
5,40,-0.1182132,-0.04720718,-0.106124505,0.013303589,-1.0,-0.13352923,0
5,41,-0.13038477,-0.050495315,-0.1137194,0.011130493,-1.0,-0.15319443,0
5,42,-0.14255634,-0.054380577,-0.12191547,0.008754517,-1.0,-0.1763065,0
5,43,-0.1547279,-0.05891509,-0.1307723,0.006175659,-1.0,-0.20351294,0
5,44,-0.16689947,-0.06415939,-0.140354,0.003394043,-1.0,-0.23559378,0
5,45,-0.17907104,-0.07017054,-0.1507289,0.0004095459,-1.0,-0.27346864,0
5,46,-0.19124262,-0.07702042,-0.1619704,0.002777832,-1.0,-0.31824857,0
5,47,-0.20341419,-0.08478467,-0.17415698,0.0061680907,-1.0,-0.37125495,0
5,48,-0.21558575,-0.09354303,-0.18737216,0.00976123,-1.0,-0.43405595,0
5,49,-0.22775732,-0.103383735,-0.20170482,0.013557129,-1.0,-0.5085171,0
5,50,-0.2399289,-0.11439429,-0.21724865,0.017555907,-1.0,-0.5968302,0
5,51,-0.25210047,-0.12666962,-0.23410207,0.02175757,-1.0,-0.7015803,0
5,52,-0.26427203,-0.14030531,-0.2523676,0.02616211,-1.0,-0.82578725,0
5,53,-0.2764436,-0.15539484,-0.2721508,0.03076953,-1.0,-0.97295177,0
5,54,-0.28861517,-0.17202514,-0.2935592,0.035579834,-1.0,-1.1470923,0
5,55,-0.30078673,-0.19027182,-0.3167001,0.040592894,-1.0,-1.3527685,0
5,56,-0.3129583,-0.21018782,-0.3416781,0.045808837,-1.0,-1.5950551,0
5,57,-0.3251299,-0.23180047,-0.3685922,0.051227663,-1.0,-1.8795134,0
5,58,-0.33730146,-0.25509658,-0.3975318,0.056849364,-1.0,-2.2120674,0
5,59,-0.34947303,-0.28000584,-0.42857188,0.06267395,-1.0,-2.5987854,0
5,60,-0.3616446,-0.30639145,-0.46176782,0.068701416,-1.0,-3.0456083,0
5,61,-0.37381616,-0.33403203,-0.4971495,0.074931644,-1.0,-3.5579293,0
5,62,-0.38598773,-0.36260897,-0.53471506,0.08136474,,-4.1400824,1
6,0,0.1664162,0.0,-0.0027777776,0.0,-0.026111109440000002,-7.6154356e-05,0
6,1,0.16648455,-0.11769672,0.020735458,0.0027747804,-0.3935702948,-0.14277254,0
6,2,0.1605841,-0.11319319,0.011854946,0.0054511717,-0.4545294576000001,-0.12952891,0
6,3,0.15316151,-0.1088161,0.0033138855,0.008003906,-0.5129299762999999,-0.11854985,0
6,4,0.14421459,-0.10453514,-0.0049316366,0.010407471,-0.56903308404,-0.109570146,0
6,5,0.13374864,-0.100332476,-0.012922759,0.012636596,-0.6231363146,-0.1023941,0
6,6,0.121771485,-0.09619214,-0.020698046,0.014666137,-0.6755223323999999,-0.09686506,0
6,7,0.10829097,-0.09209837,-0.028293792,0.016470946,-0.7264534948,-0.09285775,0
6,8,0.09331349,-0.08804355,-0.035744406,0.018026123,-0.7762151664,-0.09028915,0
6,9,0.076841734,-0.084021844,-0.043082807,0.019306762,-0.8250876058000001,-0.089102335,0
6,10,0.058873538,-0.0800268,-0.050340567,0.020287964,-0.8733353298000001,-0.08925997,0
6,11,0.039401334,-0.07605668,-0.05754817,0.020944702,-0.9212361980000001,-0.0907516,0
6,12,0.018410875,-0.07210593,-0.064735055,0.021251587,-0.969039167,-0.09357831,0
6,13,-0.0041185645,-0.068177685,-0.07193016,0.021182984,-1.0,-0.09777116,0
6,14,-0.02765703,-0.06447753,-0.07917278,0.020722046,-1.0,-0.10365417,0
6,15,-0.051195495,-0.06138491,-0.08652204,0.019868774,-1.0,-0.11176295,0
6,16,-0.074733965,-0.058915813,-0.09403765,0.01862317,-1.0,-0.12216185,0
6,17,-0.09827243,-0.057092972,-0.101780415,0.016985351,-1.0,-0.13498206,0
6,18,-0.1218109,-0.055940606,-0.1098126,0.0149552,-1.0,-0.15042101,0
6,19,-0.14534937,-0.055496585,-0.11819878,0.012532715,-1.0,-0.16876501,0
6,20,-0.16888784,-0.055803664,-0.12700611,0.009717896,-1.0,-0.19038989,0
6,21,-0.1924263,-0.05691438,-0.13630505,0.006510742,-1.0,-0.21578172,0
6,22,-0.21596476,-0.058891404,-0.14616984,0.002911377,-1.0,-0.24555649,0
6,23,-0.23950323,-0.06179914,-0.15667857,0.0010803223,-1.0,-0.28047273,0
6,24,-0.26304168,-0.06572027,-0.1679141,0.0054643555,-1.0,-0.3214814,0
6,25,-0.28658015,-0.07074624,-0.17996442,0.010240722,-1.0,-0.36975154,0
6,26,-0.3101186,-0.0769785,-0.1929229,0.015409424,-1.0,-0.42671487,0
6,27,-0.33365706,-0.08453136,-0.20688845,0.020970337,-1.0,-0.49412245,0
6,28,-0.3571955,-0.0935233,-0.22196548,0.026923584,-1.0,-0.57409084,0
6,29,-0.38073394,-0.10408938,-0.23826373,0.033269163,-1.0,-0.66919297,0
6,30,-0.4042724,-0.116371825,-0.2558981,0.04000708,-1.0,-0.7825238,0
6,31,-0.42781085,-0.13051653,-0.27498746,0.04713721,-1.0,-0.91777736,0
6,32,-0.45134932,-0.14666516,-0.2956531,0.05465967,-1.0,-1.0793102,0
6,33,-0.47488776,-0.16495845,-0.31801707,0.06257446,-1.0,-1.2722318,0
6,34,-0.4984262,-0.18551715,-0.34219912,0.07088159,-1.0,-1.5024112,0
6,35,-0.52196467,-0.20843284,-0.3683129,0.07958105,-1.0,-1.7764643,0
6,36,-0.54550314,-0.23375237,-0.39646167,0.08867273,-1.0,-2.101656,0
6,37,-0.56904155,-0.2614535,-0.42673206,0.098156735,-1.0,-2.4856546,0
6,38,-0.59258,-0.29143116,-0.459188,0.10803308,-1.0,-2.9361992,0
6,39,-0.6161185,-0.32346958,-0.49386373,0.11830176,-1.0,-3.4605334,0
6,40,-0.6396569,-0.3572237,-0.5307565,0.12896277,,-4.0646954,1
7,0,-0.089178436,0.0,-0.0027777776,0.0,-0.026111109440000002,-7.6154356e-05,0
7,1,-0.089178436,0.009953132,-0.12355132,0.0014863281,-1.0,-0.15165055,0
7,2,-0.11429497,0.009418681,-0.12440722,0.0033912354,-1.0,-0.15364628,0
7,3,-0.1394115,0.008817507,-0.12578301,0.0057147215,-1.0,-0.15694445,0
7,4,-0.16452803,0.008097716,-0.12768681,0.008456909,-1.0,-0.16160476,0
7,5,-0.18964456,0.0071976176,-0.13013174,0.011617675,-1.0,-0.16772006,0
7,6,-0.2147611,0.006061809,-0.13313566,0.015197022,-1.0,-0.17542273,0
7,7,-0.23987763,0.004628574,-0.13672158,0.019194946,-1.0,-0.18488891,0
7,8,-0.26499417,0.0028336388,-0.1409177,0.023611572,-1.0,-0.19634768,0
7,9,-0.2901107,0.0006031182,-0.14575785,0.028446777,-1.0,-0.21009149,0
7,10,-0.31522727,-0.0021364577,-0.15128149,0.033700563,-1.0,-0.22649018,0
7,11,-0.3403438,-0.0054674265,-0.157534,0.039372925,-1.0,-0.24600765,0
7,12,-0.36546037,-0.009477437,-0.16456698,0.04546399,-1.0,-0.26922318,0
7,13,-0.3905769,-0.014269811,-0.17243877,0.051973633,-1.0,-0.29686087,0
7,14,-0.41569346,-0.019950416,-0.18121459,0.058901854,-1.0,-0.32982016,0
7,15,-0.44081,-0.026638309,-0.19096681,0.066248655,-1.0,-0.36921835,0
7,16,-0.46592656,-0.03445914,-0.20177488,0.07401416,-1.0,-0.4164356,0
7,17,-0.4910431,-0.04355983,-0.21372592,0.08219824,-1.0,-0.47318432,0
7,18,-0.5161596,-0.05408997,-0.22691435,0.090800904,-1.0,-0.5415667,0
7,19,-0.5412761,-0.06621294,-0.2414415,0.09982214,-1.0,-0.62416255,0
7,20,-0.56639266,-0.080101036,-0.2574152,0.10926196,-1.0,-0.7241164,0
7,21,-0.59150916,-0.095928274,-0.27494824,0.119120486,-1.0,-0.8452252,0
7,22,-0.61662567,-0.11387632,-0.29415733,0.12939759,-1.0,-0.9920525,0
7,23,-0.64174217,-0.13411264,-0.31516019,0.14009327,-1.0,-1.1699828,0
7,24,-0.66685873,-0.15678625,-0.3380724,0.15120752,-1.0,-1.3852773,0
7,25,-0.69197524,-0.18201232,-0.363003,0.16274048,-1.0,-1.6450565,0
7,26,-0.71709174,-0.20985599,-0.39004943,0.17469202,-1.0,-1.9572016,0
7,27,-0.74220824,-0.24030504,-0.41929084,0.18706213,-1.0,-2.3300853,0
7,28,-0.76732475,-0.27324796,-0.45078078,0.19985083,-1.0,-2.7721512,0
7,29,-0.7924413,-0.30844915,-0.48453975,0.21305823,-1.0,-3.2912796,0
7,30,-0.8175578,-0.3455284,-0.52054757,0.2266842,,-3.8939562,1
8,0,0.07568817,0.0,-0.0027777776,0.0,-0.026111109440000002,-7.6154356e-05,0
8,1,0.07568817,-0.04647585,0.123368636,0.0012614746,0.9272859284000001,-0.17181446,0
8,2,0.10521765,-0.04723945,0.12004368,0.0030151368,0.892213342,-0.164546,0
8,3,0.13292775,-0.04767569,0.11719877,0.0052305907,0.8632899879999999,-0.15830788,0
8,4,0.15916519,-0.047852457,0.11483501,0.007883301,0.8401868090000001,-0.1530809,0
8,5,0.1842447,-0.047829922,0.112951905,0.010954102,0.822598297,-0.14885473,0
8,6,0.20845379,-0.04765465,0.111548245,0.014428345,0.8102802530000002,-0.14562134,0
8,7,0.2320591,-0.047375713,0.11062196,0.01829602,0.802967859,-0.14338845,0
8,8,0.25530827,-0.04703135,0.11017069,0.022551147,0.800447736,-0.14216688,0
8,9,0.27843508,-0.046659507,0.11019191,0.027191773,0.8025064190000002,-0.14198008,0
8,10,0.30166185,-0.04628712,0.11068348,0.03221948,0.8089891120000001,-0.1428549,0
8,11,0.32520413,-0.045942068,0.111643635,0.037639525,0.819739829,-0.14483283,0
8,12,0.34927267,-0.045647837,0.11307126,0.043460693,0.8346306590000002,-0.14796565,0
8,13,0.37407616,-0.045425966,0.114965975,0.049695313,0.853550335,-0.15231831,0
8,14,0.39982346,-0.04528736,0.11732871,0.056359008,0.8764530740000002,-0.15796286,0
8,15,0.42672798,-0.045250636,0.12016134,0.06347119,0.9032634159999999,-0.16499524,0
8,16,0.45500734,-0.04532043,0.12346753,0.07105469,0.933992632,-0.17351833,0
8,17,0.48488888,-0.045501914,0.12725246,0.07913611,0.9686635540000001,-0.18365587,0
8,18,0.51661116,-0.045800917,0.1315232,0.08774634,1.0,-0.19555487,0
8,19,0.54900825,-0.045724522,0.13631497,0.096896484,1.0,-0.2089965,0
8,20,0.58140534,-0.044959363,0.1416812,0.106586546,1.0,-0.2240119,0
8,21,0.61380243,-0.043409064,0.14768171,0.11681653,1.0,-0.24092153,0
8,22,0.6461995,-0.0409698,0.15438308,0.12758654,1.0,-0.26015788,0
8,23,0.6785966,-0.037515234,0.16185959,0.13889648,1.0,-0.28228915,0
8,24,0.7109937,-0.03291262,0.17019328,0.15074633,1.0,-0.30807516,0
8,25,0.7433908,-0.027010243,0.17947459,0.16313623,1.0,-0.33851337,0
8,26,0.7520331,-0.012295577,0.1901924,0.17567016,1.0,-0.3739565,0
8,27,0.7520331,0.0063211806,0.2025622,0.1882041,1.0,-0.42307407,0
8,28,0.7520331,0.026249796,0.21665737,0.20073804,1.0,-0.49032176,0
8,29,0.7520331,0.047638286,0.23255801,0.21327198,1.0,-0.5792166,0
8,30,0.7520331,0.07062678,0.2503491,0.22580591,1.0,-0.6939499,0
8,31,0.7520331,0.09533857,0.27011803,0.23833984,1.0,-0.83942074,0
8,32,0.7520331,0.121870376,0.29195124,0.25087377,1.0,-1.0212337,0
8,33,0.7520331,0.15028168,0.31593058,0.2634077,1.0,-1.245644,0
8,34,0.7520331,0.18057981,0.34212857,0.27594164,1.0,-1.5194192,0
8,35,0.7520331,0.21270338,0.3706029,0.28847557,1.0,-1.8495921,0
8,36,0.7520331,0.24650452,0.4013907,0.30100954,1.0,-2.2430844,0
8,37,0.7520331,0.28173456,0.4345021,0.31354347,1.0,-2.7062016,0
8,38,0.7520331,0.31802818,0.46991438,0.3260774,1.0,-3.243984,0
8,39,0.7520331,0.35489756,0.5075666,0.33861133,,-3.8594966,1
9,0,-0.20036332,0.0,-0.0027777776,0.0,-0.026111109440000002,-7.6154356e-05,0
9,1,-0.20036332,0.17704527,0.06415345,0.0033393556,1.0,-0.35407585,0
9,2,-0.18825582,0.17596266,0.079067156,0.0064769285,1.0,-0.3713505,0
9,3,-0.1761483,0.17598204,0.09422867,0.00941272,1.0,-0.39737374,0
9,4,-0.16404079,0.17710938,0.109758265,0.012146728,1.0,-0.432649,0
9,5,-0.15193327,0.17935325,0.12577601,0.014678955,1.0,-0.47791687,0
9,6,-0.13982576,0.18272927,0.1424023,0.0170094,1.0,-0.5341845,0
9,7,-0.12771824,0.18725836,0.15975855,0.019138062,1.0,-0.60274,0
9,8,-0.11561073,0.19296467,0.17796724,0.02106494,1.0,-0.685169,0
9,9,-0.10350322,0.19987775,0.19715221,0.022790039,1.0,-0.7833925,0
9,10,-0.091395706,0.20802942,0.21743868,0.024313355,1.0,-0.8996888,0
9,11,-0.07928819,0.2174505,0.23895298,0.025634766,1.0,-1.0367156,0
9,12,-0.06718068,0.22817579,0.2618219,0.026754394,1.0,-1.1975682,0
9,13,-0.05507316,0.2402283,0.2861717,0.02767224,1.0,-1.385743,0
9,14,-0.042965643,0.25362295,0.31212625,0.028388306,1.0,-1.6051736,0
9,15,-0.030858127,0.26836142,0.33980525,0.028902588,1.0,-1.8602159,0
9,16,-0.01875061,0.2844227,0.36932138,0.029215088,1.0,-2.1555867,0
9,17,-0.006643094,0.30175626,0.40077662,0.029325806,1.0,-2.4962733,0
9,18,0.005464422,0.32027227,0.4342581,0.02923474,1.0,-2.8873816,0
9,19,0.017571937,0.3398323,0.4698328,0.028941894,1.0,-3.3339238,0
9,20,0.029679455,0.36023825,0.507542,0.028447265,,-3.84052,1
10,0,0.1108179,0.0,-0.0027777776,0.0,-0.026111109440000002,-7.6154356e-05,0
10,1,0.1108179,-0.012148034,-0.23905116,0.0018469238,-1.0,-0.5654806,0
10,2,0.09683626,-0.025064578,-0.23985933,0.0034608154,-1.0,-0.57411134,0
10,3,0.08285461,-0.037827604,-0.24223313,0.0048416746,-1.0,-0.59343874,0
10,4,0.06887297,-0.050561465,-0.2461698,0.005989502,-1.0,-0.62367636,0
10,5,0.054891326,-0.06338597,-0.25167674,0.006904297,-1.0,-0.6653541,0
10,6,0.04090968,-0.07642038,-0.25877118,0.0075861816,-1.0,-0.71932316,0
10,7,0.02692804,-0.08977566,-0.26747954,0.008035034,-1.0,-0.7867529,0
10,8,0.012946396,-0.10356741,-0.27783725,0.008250855,-1.0,-0.86916584,0
10,9,-0.0010352478,-0.11790284,-0.289888,0.008233642,-1.0,-0.9684374,0
10,10,-0.015016891,-0.13288715,-0.30368266,0.007983399,-1.0,-1.0868279,0
10,11,-0.028998535,-0.1486192,-0.31927854,0.0075001223,-1.0,-1.2270005,0
10,12,-0.04298018,-0.16519038,-0.33673793,0.0067838137,-1.0,-1.3920401,0
10,13,-0.056961823,-0.1826795,-0.35612622,0.005834473,-1.0,-1.5854564,0
10,14,-0.07094347,-0.20115146,-0.37751013,0.0046520997,-1.0,-1.8111857,0
10,15,-0.08492511,-0.2206479,-0.4009548,0.0032366943,-1.0,-2.073545,0
10,16,-0.098906755,-0.24118209,-0.42652056,0.0015882568,-1.0,-2.3771656,0
10,17,-0.112888396,-0.26272926,-0.45425898,0.00029321288,-1.0,-2.7268717,0
10,18,-0.12687004,-0.28521812,-0.48420864,0.002407715,-1.0,-3.1275046,0
10,19,-0.14085169,-0.3085193,-0.5163897,0.0047552492,,-3.5836656,1
11,0,-0.17274956,0.0,-0.0027777776,0.0,-0.026111109440000002,-7.6154356e-05,0
11,1,-0.17274956,0.08244403,-0.08266752,0.0028791504,-0.364854538,-0.13542241,0
11,2,-0.18068913,0.07867699,-0.0776181,0.005890625,-0.33622519,-0.12137816,0
11,3,-0.18806812,0.07512633,-0.073111944,0.009025146,-0.3116206235999999,-0.109236926,0
11,4,-0.19495642,0.07176895,-0.06911658,0.012274414,-0.29085110200000003,-0.09873124,0
11,5,-0.20142344,0.06859301,-0.06560243,0.015631469,-0.2736977920000001,-0.08964779,0
11,6,-0.20753711,0.065584615,-0.06254279,0.019090455,-0.2599791510000001,-0.08180159,0
11,7,-0.21336439,0.0627288,-0.05991377,0.022646485,-0.24954543799999995,-0.07503398,0
11,8,-0.21897142,0.060020916,-0.057693616,0.026296021,-0.2422154104,-0.069222346,0
11,9,-0.22442237,0.057447463,-0.055863135,0.030036377,-0.237876154,-0.06425318,0
11,10,-0.22978036,0.055004485,-0.054405116,0.03386609,-0.2363856654,-0.0600416,0
11,11,-0.23510635,0.05472948,-0.051501628,0.037784547,-0.21046790320000003,-0.05684531,0
11,12,-0.23986723,0.052430637,-0.050533947,0.04178235,-0.21286591680000005,-0.053566407,0
11,13,-0.24468106,0.050243843,-0.04989702,0.04586035,-0.21781277300000002,-0.050868504,0
11,14,-0.24960375,0.04816446,-0.049580187,0.050020386,-0.22523145780000003,-0.048710585,0
11,15,-0.2546885,0.046184707,-0.04957452,0.054265138,-0.235076953,-0.047058493,0
11,16,-0.25998634,0.044302475,-0.049872603,0.058598265,-0.24729009320000003,-0.045892414,0
11,17,-0.26554543,0.04250438,-0.05046906,0.06302405,-0.26188726400000006,-0.045191366,0
11,18,-0.2714128,0.040785573,-0.051359996,0.067547604,-0.2788560974,-0.0449505,0
11,19,-0.27763328,0.039136805,-0.05254325,0.0721748,-0.298222525,-0.04516943,0
11,20,-0.2842506,0.03755195,-0.05401823,0.07691235,-0.32001161200000006,-0.045858447,0
11,21,-0.29130718,0.036016904,-0.05578628,0.081767455,-0.344306512,-0.047030415,0
11,22,-0.2988455,0.03452356,-0.05785033,0.08674817,-0.37117530199999993,-0.048711594,0
11,23,-0.30690745,0.033061303,-0.060215104,0.09186328,-0.40071546260000007,-0.05093572,0
11,24,-0.31553522,0.0316164,-0.06288721,0.09712219,-0.43305777400000006,-0.05374465,0
11,25,-0.32477173,0.030176247,-0.065875106,0.10253503,-0.4683447614000001,-0.057192218,0
11,26,-0.33466083,0.02872459,-0.06918925,0.10811267,-0.506756,-0.0613425,0
11,27,-0.34524795,0.027247917,-0.0728421,0.11386682,-0.5484761550000001,-0.06627516,0
11,28,-0.35658005,0.025724217,-0.076848485,0.119809814,-0.5937546739999999,-0.07208138,0
11,29,-0.36870667,0.024136305,-0.08122537,0.12595496,-0.6428369530000001,-0.07887326,0
11,30,-0.38167968,0.022457387,-0.08599241,0.13231629,-0.6960417190000001,-0.086779855,0
11,31,-0.39555448,0.020663492,-0.09117183,0.13890882,-0.7536977420000001,-0.09595679,0
11,32,-0.41038972,0.018727371,-0.09678864,0.14574866,-0.816176361,-0.106587335,0
11,33,-0.42624804,0.01661123,-0.10287107,0.15285279,-0.883931908,-0.11888599,0
11,34,-0.443197,0.014277731,-0.10945072,0.16023938,-0.9574481130000001,-0.13310939,0
11,35,-0.46048278,0.011392366,-0.116578236,0.16791406,-1.0,-0.14952815,0
11,36,-0.47776854,0.0077671623,-0.124315366,0.17587683,-1.0,-0.16859756,0
11,37,-0.49505433,0.0033250847,-0.13272887,0.18412769,-1.0,-0.19093446,0
11,38,-0.51234007,-0.0020200093,-0.14189097,0.19266662,-1.0,-0.21730624,0
11,39,-0.52962583,-0.008362803,-0.15187955,0.20149377,-1.0,-0.24866535,0
11,40,-0.5469116,-0.015815437,-0.16277902,0.210609,-1.0,-0.28619438,0
11,41,-0.56419736,-0.024493288,-0.17467993,0.22001232,-1.0,-0.33135396,0
11,42,-0.5814831,-0.03452728,-0.18767945,0.22970374,-1.0,-0.38594604,0
11,43,-0.59876895,-0.046057913,-0.2018812,0.23968323,-1.0,-0.45218316,0
11,44,-0.6160547,-0.059234697,-0.21739486,0.24995081,-1.0,-0.5327679,0
11,45,-0.6333405,-0.07421627,-0.23433563,0.26050648,-1.0,-0.63098377,0
11,46,-0.65062624,-0.09116255,-0.2528229,0.2713502,-1.0,-0.75078094,0
11,47,-0.667912,-0.11023182,-0.2729786,0.28248212,-1.0,-0.8968652,0
11,48,-0.6851978,-0.13157344,-0.2949248,0.2939021,-1.0,-1.0747694,0
11,49,-0.70248353,-0.15531257,-0.31878024,0.30561018,-1.0,-1.2908764,0
11,50,-0.7031654,-0.18461342,-0.34481937,0.3173296,-1.0,-1.56467,0
11,51,-0.7031654,-0.21578224,-0.37310758,0.32904902,-1.0,-1.8936969,0
11,52,-0.7031654,-0.24854243,-0.40368387,0.34076843,-1.0,-2.2841523,0
11,53,-0.7031654,-0.282659,-0.43656197,0.35248786,-1.0,-2.742097,0
11,54,-0.7031654,-0.31778884,-0.47172466,0.36420727,-1.0,-3.2724464,0
11,55,-0.7031654,-0.35347268,-0.50911844,0.3759267,,-3.8783066,1
12,0,0.21981992,0.0,-0.0027777776,0.0,-0.026111109440000002,-7.6154356e-05,0
12,1,0.21983187,-0.07707459,0.008556288,0.0036638184,-0.3049438428,-0.060134187,0
12,2,0.21454282,-0.07416985,0.0049261097,0.007239502,-0.32454381881999994,-0.055277374,0
12,3,0.20866148,-0.071339,0.0014882255,0.010717163,-0.3427056803,-0.05097182,0
12,4,0.2022132,-0.06857525,-0.0017767475,0.014087402,-0.3595776765,-0.04715603,0
12,5,0.19522311,-0.06587021,-0.0048867785,0.017341064,-0.3752867679,-0.04377489,0
12,6,0.18771583,-0.063223846,-0.007859028,0.020469604,-0.3899940932,-0.04079164,0
12,7,0.1797135,-0.060632944,-0.010709698,0.023464844,-0.4038358812,-0.038170855,0
12,8,0.17123584,-0.058088936,-0.0134538505,0.026318725,-0.4169108747,-0.03587604,0
12,9,0.162301,-0.05559542,-0.016106129,0.029023804,-0.4293747126,-0.033889946,0
12,10,0.1529231,-0.05314235,-0.018680109,0.03157251,-0.44130477459999995,-0.03218347,0
12,11,0.14311457,-0.050732315,-0.021188997,0.033957765,-0.4528381468,-0.030745434,0
12,12,0.1328837,-0.04835962,-0.02364535,0.036172487,-0.46406439,-0.029558875,0
12,13,0.1222362,-0.046021372,-0.026061127,0.038209718,-0.4750814538,-0.02861292,0
12,14,0.111174546,-0.043716718,-0.028448012,0.04006262,-0.4859949028,-0.027901389,0
12,15,0.09969755,-0.041439865,-0.03081715,0.041724242,-0.496880535,-0.027416212,0
12,16,0.087801315,-0.039188705,-0.03317938,0.043187622,-0.507829697,-0.027155295,0
12,17,0.075478435,-0.036957204,-0.035545077,0.044445556,-0.5189097438000001,-0.027115831,0
12,18,0.0627188,-0.034744762,-0.03792455,0.045490846,-0.53021458,-0.027301868,0
12,19,0.049508452,-0.032546155,-0.04032771,0.04631604,-0.541811249,-0.027716286,0
12,20,0.03583045,-0.030352974,-0.042764045,0.046913207,-0.553746893,-0.02836263,0
12,21,0.02166557,-0.028165275,-0.04524313,0.04727429,-0.566111797,-0.029252753,0
12,22,0.006990451,-0.025976628,-0.047774255,0.047390748,-0.5789611370000001,-0.030396977,0
12,23,-0.008221137,-0.023785416,-0.050366756,0.047253784,-0.5923745864,-0.031811234,0
12,24,-0.023999456,-0.021579893,-0.05302951,0.04685376,-0.606376859,-0.033509158,0
12,25,-0.040376596,-0.019361297,-0.0557717,0.046180785,-0.621060465,-0.035514157,0
12,26,-0.057389505,-0.017122898,-0.058602404,0.045224242,-0.6364770876,-0.03784916,0
12,27,-0.07507842,-0.014859286,-0.061530665,0.043972902,-0.652684681,-0.04054134,0
12,28,-0.09348729,-0.012567246,-0.06456572,0.042414796,-0.669753998,-0.0436226,0
12,29,-0.1126645,-0.010239587,-0.0677168,0.040537108,-0.687735855,-0.04712783,0
12,30,-0.13266222,-0.007869822,-0.07099313,0.03832605,-0.706684532,-0.051096838,0
12,31,-0.15353666,-0.005458969,-0.07440456,0.03576709,-0.726697709,-0.05557616,0
12,32,-0.17535041,-0.0030015963,-0.07796114,0.032844603,-0.7478426975000001,-0.06061634,0
12,33,-0.19817121,-0.0004914324,-0.081673086,0.029541748,-0.7701841704000001,-0.0662739,0
12,34,-0.22207212,0.0020703885,-0.085551314,0.025840577,-0.7938304091,-0.072612636,0
12,35,-0.24713394,0.0046893964,-0.0896071,0.02172168,-0.818859758,-0.079703145,0
12,36,-0.2734441,0.00736357,-0.09385254,0.017164307,-0.845396026,-0.08762399,0
12,37,-0.3010993,0.010093906,-0.098300554,0.012145996,-0.8735556776000001,-0.09646261,0
12,38,-0.3302057,0.01287818,-0.10296491,0.006642578,-0.9034792540000001,-0.106315844,0
12,39,-0.36088073,0.01571175,-0.10786068,0.0006279297,-0.935331642,-0.11729103,0
12,40,-0.39325485,0.018590828,-0.113004036,0.0059262696,-0.9692837984,-0.12950775,0
12,41,-0.42747286,0.021505246,-0.11841285,0.013050782,-1.0,-0.1430976,0
12,42,-0.4633877,0.02433603,-0.12411255,0.020773925,-1.0,-0.15816887,0
12,43,-0.4993025,0.026422793,-0.13016476,0.02909558,-1.0,-0.17462428,0
12,44,-0.53521734,0.02769899,-0.13663545,0.03801587,-1.0,-0.19265305,0
12,45,-0.5711321,0.028078998,-0.14359596,0.04753479,-1.0,-0.21252337,0
12,46,-0.60704696,0.027462855,-0.15112363,0.05765222,-1.0,-0.23460945,0
12,47,-0.64296174,0.025743857,-0.15930201,0.068368286,-1.0,-0.25942683,0
12,48,-0.6788765,0.022788098,-0.16822225,0.079682864,-1.0,-0.28766486,0
12,49,-0.7147913,0.018453067,-0.17798306,0.09159607,-1.0,-0.3202491,0
12,50,-0.75070614,0.012566422,-0.18869187,0.10410779,-1.0,-0.3584019,0
12,51,-0.7866209,0.0049449205,-0.20046464,0.11721814,-1.0,-0.40373522,0
12,52,-0.8225357,-0.004623134,-0.21342638,0.13092713,-1.0,-0.45835334,0
12,53,-0.8584505,-0.016372547,-0.22771102,0.14523461,-1.0,-0.524989,0
12,54,-0.8943653,-0.03054818,-0.2434602,0.16014075,-1.0,-0.6071542,0
12,55,-0.9302801,-0.04741942,-0.26082242,0.17564538,-1.0,-0.7093244,0
12,56,-0.96619487,-0.0672533,-0.27995005,0.19174866,-1.0,-0.8371149,0
12,57,-1.0,-0.0907885,-0.3010211,0.20841528,-1.0,-0.9984654,0
12,58,-1.0,-0.12455572,-0.32454166,0.2250819,-1.0,-1.2200109,0
12,59,-1.0,-0.1604602,-0.35055777,0.24174854,-1.0,-1.4995792,0
12,60,-1.0,-0.19840279,-0.3790943,0.25841522,-1.0,-1.8454114,0
12,61,-1.0,-0.23816402,-0.41014743,0.2750819,-1.0,-2.26533,0
12,62,-1.0,-0.2793834,-0.44367683,0.29174858,-1.0,-2.7659326,0
12,63,-1.0,-0.3215497,-0.4795993,0.3084153,-1.0,-3.3516638,0
12,64,-1.0,-0.36400265,-0.5177844,0.32508197,,-4.023867,1
13,0,-0.096940234,0.0,-0.0027777776,0.0,-0.026111109440000002,-7.6154356e-05,0
13,1,-0.09552179,0.14489135,0.19405924,0.001592041,1.0,-0.5816156,0
13,2,-0.07768896,0.15181619,0.20857596,0.0028868408,1.0,-0.6598524,0
13,3,-0.05985614,0.15973842,0.22423331,0.0038843993,1.0,-0.7514207,0
13,4,-0.042023316,0.16873565,0.24112755,0.0045848386,1.0,-0.8585711,0
13,5,-0.024190493,0.17888108,0.25935888,0.004988037,1.0,-0.98389596,0
13,6,-0.00635767,0.19025409,0.2790311,0.005093994,1.0,-1.1304103,0
13,7,0.011475153,0.20293036,0.3002504,0.0049027097,1.0,-1.3015673,0
13,8,0.029307976,0.21697824,0.32312417,0.0044141845,1.0,-1.5012832,0
13,9,0.0471408,0.2324591,0.3477588,0.00362854,1.0,-1.7339712,0
13,10,0.06497362,0.24941137,0.3742573,0.0025456543,1.0,-2.0044847,0
13,11,0.08280645,0.26785314,0.40271622,0.0011655274,1.0,-2.3181098,0
13,12,0.100639276,0.28776324,0.43322158,0.0005118408,1.0,-2.680414,0
13,13,0.1184721,0.30907264,0.46584412,0.0024863281,1.0,-3.0970724,0
13,14,0.13630491,0.33164853,0.5006336,0.0047580567,,-3.5735776,1
14,0,0.18322346,0.0,-0.0027777776,0.0,-0.026111109440000002,-7.6154356e-05,0
14,1,0.18322346,-0.14036775,-0.16234574,0.003053711,-1.0,-0.45716035,0
14,2,0.16764541,-0.14575127,-0.17463106,0.005847778,-1.0,-0.513435,0
14,3,0.15206738,-0.15192564,-0.1878836,0.008382202,-1.0,-0.5792486,0
14,4,0.13648935,-0.15894775,-0.20218809,0.010656983,-1.0,-0.65617037,0
14,5,0.120911315,-0.16687754,-0.21763383,0.012672119,-1.0,-0.74603015,0
14,6,0.10533328,-0.17577787,-0.23431455,0.014427735,-1.0,-0.85095656,0
14,7,0.08975525,-0.185707,-0.25232762,0.015923707,-1.0,-0.9733878,0
14,8,0.07417721,-0.1967292,-0.27177393,0.017160034,-1.0,-1.1161506,0
14,9,0.058599185,-0.20890495,-0.29275692,0.01813672,-1.0,-1.2824677,0
14,10,0.043021157,-0.22228718,-0.31538093,0.01885376,-1.0,-1.4759752,0
14,11,0.027443126,-0.23691976,-0.33974996,0.019311158,-1.0,-1.7007451,0
14,12,0.011865097,-0.2528315,-0.36596495,0.019508911,-1.0,-1.9612675,0
14,13,-0.0037129326,-0.27002805,-0.39412108,0.019447021,-1.0,-2.2624004,0
14,14,-0.019290961,-0.2884845,-0.42430395,0.019125488,-1.0,-2.609279,0
14,15,-0.034868993,-0.30813473,-0.45658523,0.01854431,-1.0,-3.0071595,0
14,16,-0.05044702,-0.32885942,-0.49101746,0.01770349,-1.0,-3.4611852,0
14,17,-0.066025056,-0.35047537,-0.52762824,0.016603027,,-3.9760823,1
15,0,-0.19018997,0.0,-0.0027777776,0.0,-0.026111109440000002,-7.6154356e-05,0
15,1,-0.19018997,-0.022375131,-0.14230564,0.0031697997,-1.0,-0.20487982,0
15,2,-0.23318776,-0.018452568,-0.14814304,0.0070562745,-1.0,-0.22003175,0
15,3,-0.27618554,-0.015233653,-0.15434425,0.011659424,-1.0,-0.23750378,0
15,4,-0.31918335,-0.012795244,-0.16097005,0.016979126,-1.0,-0.25751618,0
15,5,-0.36218116,-0.011218843,-0.1680865,0.023015503,-1.0,-0.2803701,0
15,6,-0.40517896,-0.010605628,-0.17576586,0.029768433,-1.0,-0.30647588,0
15,7,-0.44817677,-0.011065194,-0.18408693,0.037238035,-1.0,-0.33637887,0
15,8,-0.49117455,-0.012727575,-0.19313577,0.045424316,-1.0,-0.37080196,0
15,9,-0.53417236,-0.015740927,-0.20300646,0.05432715,-1.0,-0.4106959,0
15,10,-0.5771702,-0.020265777,-0.21380106,0.06394666,-1.0,-0.45730007,0
15,11,-0.620168,-0.02648886,-0.22563043,0.07428284,-1.0,-0.51222825,0
15,12,-0.66316575,-0.03461842,-0.23861434,0.08533557,-1.0,-0.5775692,0
15,13,-0.7061636,-0.044873904,-0.2528807,0.09710498,-1.0,-0.6559992,0
15,14,-0.74916136,-0.057502173,-0.2685653,0.10959107,-1.0,-0.75093836,0
15,15,-0.7921592,-0.07275995,-0.28581047,0.122793704,-1.0,-0.86670387,0
15,16,-0.835157,-0.09090576,-0.30476218,0.13671301,-1.0,-1.0086725,0
15,17,-0.8781548,-0.11219833,-0.3255671,0.15134887,-1.0,-1.1834562,0
15,18,-0.90403026,-0.13993073,-0.34852985,0.16641602,-1.0,-1.4085443,0
15,19,-0.90403026,-0.17449635,-0.37395346,0.18148315,-1.0,-1.701135,0
15,20,-0.90403026,-0.21071509,-0.40184718,0.1965503,-1.0,-2.0570796,0
15,21,-0.90403026,-0.24836549,-0.43219498,0.21161743,-1.0,-2.4828134,0
15,22,-0.90403026,-0.2871066,-0.4649491,0.22668457,-1.0,-2.983583,0
15,23,-0.90403026,-0.3264706,-0.500025,0.24175172,,-3.5627003,1
16,0,-0.09882436,0.0,-0.0027777776,0.0,-0.026111109440000002,-7.6154356e-05,0
16,1,-0.09882436,0.06879352,-0.10172223,0.0016470947,-0.6122213620000001,-0.14945172,0
16,2,-0.124675244,0.069942676,-0.09644456,0.0037249755,-0.556865484,-0.14072938,0
16,3,-0.14657229,0.07014252,-0.091584094,0.0061678467,-0.5101778836000002,-0.1320015,0
16,4,-0.16528583,0.06961426,-0.08715865,0.008922608,-0.47122001000000013,-0.123477,0
16,5,-0.18145609,0.068544045,-0.08317731,0.0119469,-0.4391464890000001,-0.115336746,0
16,6,-0.19561476,0.06708042,-0.07964259,0.015207154,-0.41323824600000003,-0.10771578,0
16,7,-0.20820591,0.065345235,-0.076551996,0.018677246,-0.3928625874,-0.10071235,0
16,8,-0.21960212,0.06343559,-0.073899575,0.02233728,-0.37747805500000003,-0.09438959,0
16,9,-0.23011918,0.0614309,-0.071676746,0.026172608,-0.3666069124,-0.0887857,0
16,10,-0.24002737,0.059394084,-0.06987331,0.030173095,-0.35983869399999996,-0.08391795,0
16,11,-0.2495618,0.057376664,-0.06847813,0.03433252,-0.35681110200000005,-0.07979126,0
16,12,-0.2589304,0.05542036,-0.06747945,0.038648073,-0.35720503,-0.076402,0
16,13,-0.2683205,0.053562976,-0.066865236,0.043120116,-0.3607183384,-0.0737462,0
16,14,-0.27790326,0.051833022,-0.06662359,0.047751833,-0.367096636,-0.071814984,0
16,15,-0.28783867,0.050260462,-0.06674268,0.052549195,-0.376078882,-0.07060685,0
16,16,-0.29827675,0.048866607,-0.06721107,0.05752051,-0.387451023,-0.070117995,0
16,17,-0.30936143,0.047671616,-0.068017766,0.06267651,-0.4010089203999999,-0.0703509,0
16,18,-0.32123128,0.046699274,-0.069152094,0.068030395,-0.4165333136,-0.07131885,0
16,19,-0.33401883,0.04596249,-0.070604056,0.07359741,-0.4338656764,-0.07303311,0
16,20,-0.34785372,0.04547731,-0.07236438,0.07939502,-0.45283862200000013,-0.07551684,0
16,21,-0.36286175,0.04525681,-0.0744244,0.08544275,-0.47330531000000003,-0.07879968,0
16,22,-0.37916544,0.045310903,-0.07677631,0.09176221,-0.495142799,-0.08291832,0
16,23,-0.39688486,0.045648433,-0.07941329,0.09837695,-0.518242761,-0.08791917,0
16,24,-0.416138,0.046276294,-0.08232936,0.10531262,-0.5425145140000001,-0.09385774,0
16,25,-0.43704128,0.04719423,-0.0855201,0.11259668,-0.56791779,-0.10079517,0
16,26,-0.45971262,0.048402175,-0.088982336,0.12025855,-0.5944230834,-0.10880488,0
16,27,-0.48427182,0.049899153,-0.0927144,0.12832971,-0.622019595,-0.11797224,0
16,28,-0.51084185,0.051678527,-0.09671636,0.13684376,-0.650741149,-0.12839063,0
16,29,-0.539552,0.053729646,-0.100990415,0.14583631,-0.680661671,-0.1401636,0
16,30,-0.57054144,0.05603876,-0.10554097,0.15534534,-0.7118913179999999,-0.15340602,0
16,31,-0.6039623,0.058591194,-0.11037487,0.16541138,-0.744567808,-0.1682473,0
16,32,-0.6399826,0.061366044,-0.115501806,0.17607775,-0.7788867564000002,-0.18482673,0
16,33,-0.67879224,0.06433873,-0.12093474,0.187391,-0.8150929060000001,-0.20329745,0
16,34,-0.7206082,0.06747935,-0.12669009,0.19940113,-0.8534900960000003,-0.2238259,0
16,35,-0.7656815,0.07075489,-0.13278832,0.21216248,-0.894435758,-0.24659717,0
16,36,-0.8143044,0.07412422,-0.13925442,0.22573425,-0.938370448,-0.2718113,0
16,37,-0.86682034,0.077533856,-0.14611891,0.24018127,-0.9858484739999999,-0.29968184,0
16,38,-0.8797531,0.06648426,-0.15418431,0.2548438,-1.0,-0.3113024,0
16,39,-0.8797531,0.050082427,-0.16374652,0.26950634,-1.0,-0.32603228,0
16,40,-0.8797531,0.032513727,-0.1748726,0.2841689,-1.0,-0.35276416,0
16,41,-0.8797531,0.013602627,-0.18763973,0.29883143,-1.0,-0.39399606,0
16,42,-0.8797531,-0.006825601,-0.20213372,0.31349397,-1.0,-0.45285782,0
16,43,-0.8797531,-0.028944904,-0.21844746,0.3281565,-1.0,-0.53319204,0
16,44,-0.8797531,-0.052919827,-0.2366788,0.34281904,-1.0,-0.6396317,0
16,45,-0.8797531,-0.07889807,-0.25692746,0.35748157,-1.0,-0.7776552,0
16,46,-0.8797531,-0.106999114,-0.27929157,0.3721441,-1.0,-0.9536003,0
16,47,-0.8797531,-0.13729867,-0.30386293,0.38680664,-1.0,-1.174606,0
16,48,-0.8797531,-0.16981055,-0.33072144,0.40146917,-1.0,-1.4484494,0
16,49,-0.8797531,-0.20446756,-0.3599288,0.4161317,-1.0,-1.7832475,0
16,50,-0.8797531,-0.24110022,-0.39152148,0.43079424,-1.0,-2.1869876,0
16,51,-0.8797531,-0.2794143,-0.4255034,0.44545677,-1.0,-2.6668625,0
16,52,-0.8797531,-0.3189785,-0.46183902,0.46011934,-1.0,-3.228468,0
16,53,-0.8797531,-0.35921663,-0.5004482,0.47478187,,-3.874902,1
17,0,-0.04381624,0.0,-0.0027777776,0.0,-0.026111109440000002,-7.6154356e-05,0
17,1,-0.04381624,0.020880785,-0.15849335,0.0007302246,-1.0,-0.25228623,0
17,2,-0.08582494,0.022925194,-0.15724766,0.0021606446,-1.0,-0.24930197,0
17,3,-0.12783363,0.02509383,-0.15651123,0.0042912597,-1.0,-0.24806973,0
17,4,-0.16984233,0.027309313,-0.15627706,0.007121948,-1.0,-0.248524,0
17,5,-0.21185103,0.029500952,-0.1565441,0.010652832,-1.0,-0.2506249,0
17,6,-0.25385973,0.031588607,-0.15731762,0.014883789,-1.0,-0.2543504,0
17,7,-0.2958684,0.033500575,-0.15860869,0.019814942,-1.0,-0.25970605,0
17,8,-0.3378771,0.03515245,-0.16043498,0.025446167,-1.0,-0.2667182,0
17,9,-0.3798858,0.036464978,-0.16282028,0.031777587,-1.0,-0.27544945,0
17,10,-0.4218945,0.0373457,-0.16579527,0.038809203,-1.0,-0.2859965,0
17,11,-0.4639032,0.037695702,-0.16939771,0.046540894,-1.0,-0.29850677,0
17,12,-0.5059119,0.037413698,-0.17367256,0.05497278,-1.0,-0.31319746,0
17,13,-0.5479206,0.03637839,-0.17867288,0.064104736,-1.0,-0.33036587,0
17,14,-0.58992934,0.03446577,-0.18445969,0.07393689,-1.0,-0.35042927,0
17,15,-0.631938,0.03152968,-0.19110304,0.08446924,-1.0,-0.37395036,0
17,16,-0.6739467,0.02740689,-0.19868238,0.09570166,-1.0,-0.40169036,0
17,17,-0.7159553,0.021923805,-0.20728679,0.107634276,-1.0,-0.4346744,0
17,18,-0.757964,0.014875991,-0.21701571,0.12026697,-1.0,-0.47426212,0
17,19,-0.79997265,0.0060481722,-0.22797866,0.13359985,-1.0,-0.5222558,0
17,20,-0.84198135,-0.004804283,-0.24029545,0.14763294,-1.0,-0.5810184,0
17,21,-0.88399,-0.017947026,-0.25409567,0.16236609,-1.0,-0.6536296,0
17,22,-0.9259986,-0.033656616,-0.26951712,0.17779943,-1.0,-0.74405694,0
17,23,-0.9467032,-0.05722943,-0.28696933,0.19357789,-1.0,-0.864264,0
17,24,-0.9467032,-0.08780187,-0.30679354,0.20935632,-1.0,-1.0279566,0
17,25,-0.9467032,-0.120302334,-0.32904136,0.22513476,-1.0,-1.2386339,0
17,26,-0.9467032,-0.15474321,-0.3537538,0.24091321,-1.0,-1.503574,0
17,27,-0.9467032,-0.19105394,-0.3809549,0.25669158,-1.0,-1.8303039,0
17,28,-0.9467032,-0.22905557,-0.41064432,0.27246997,-1.0,-2.2260838,0
17,29,-0.9467032,-0.2684496,-0.4427907,0.28824836,-1.0,-2.6972656,0
17,30,-0.9467032,-0.30880296,-0.4773252,0.30402672,-1.0,-3.2484932,0
17,31,-0.9467032,-0.34954366,-0.5141371,0.31980512,,-3.8818467,1
18,0,0.009723785,0.0,-0.0027777776,0.0,-0.026111109440000002,-7.6154356e-05,0
18,1,0.009723785,0.006838976,-0.22144431,0.00016210937,-1.0,-0.48444927,0
18,2,-0.021237338,2.0165307e-05,-0.22134997,0.00019189453,-1.0,-0.48356932,0
18,3,-0.05219846,-0.006710688,-0.22244334,0.0010618897,-1.0,-0.4888092,0
18,4,-0.08315958,-0.013488335,-0.22472176,0.002447876,-1.0,-0.5002361,0
18,5,-0.11412071,-0.020450067,-0.22819264,0.0043498534,-1.0,-0.51812047,0
18,6,-0.14508183,-0.027732456,-0.23287323,0.0067679444,-1.0,-0.54294187,0
18,7,-0.17604296,-0.035480384,-0.23879069,0.009702026,-1.0,-0.57541037,0
18,8,-0.20700407,-0.04383825,-0.24598192,0.013152099,-1.0,-0.6164856,0
18,9,-0.2379652,-0.052958034,-0.25449333,0.017118163,-1.0,-0.6674153,0
18,10,-0.26892632,-0.06299725,-0.26438075,0.02160022,-1.0,-0.72977746,0
18,11,-0.29988745,-0.074120685,-0.27570888,0.026598388,-1.0,-0.80553436,0
18,12,-0.33084857,-0.08650352,-0.2885513,0.03211255,-1.0,-0.89710575,0
18,13,-0.3618097,-0.10032207,-0.30298913,0.0381427,-1.0,-1.0074261,0
18,14,-0.39277083,-0.11575712,-0.3191102,0.044688843,-1.0,-1.1400306,0
18,15,-0.42373192,-0.1329857,-0.33700722,0.0517511,-1.0,-1.2991202,0
18,16,-0.45469305,-0.15218134,-0.35677567,0.059329346,-1.0,-1.4896426,0
18,17,-0.48565418,-0.17349552,-0.37851077,0.06742358,-1.0,-1.7173022,0
18,18,-0.5166153,-0.1970503,-0.40230346,0.076033816,-1.0,-1.9885553,0
18,19,-0.5475764,-0.222922,-0.42823565,0.08516003,-1.0,-2.3105135,0
18,20,-0.5785375,-0.25111932,-0.45637453,0.094802365,-1.0,-2.6907215,0
18,21,-0.6094987,-0.28156602,-0.48676595,0.104960695,-1.0,-3.1368175,0
18,22,-0.6404598,-0.31407374,-0.5194274,0.11563501,,-3.655976,1
19,0,-0.0050743865,0.0,-0.0027777776,0.0,-0.026111109440000002,-7.6154356e-05,0
19,1,-0.0050743865,-0.040999062,-0.10389069,8.459473e-05,-1.0,-0.12333459,0
19,2,-0.029105466,-0.03995598,-0.10847669,0.0005697021,-1.0,-0.1321025,0
19,3,-0.053136542,-0.03928513,-0.11342916,0.0014553223,-1.0,-0.14241831,0
19,4,-0.077167615,-0.03902483,-0.118784994,0.002741455,-1.0,-0.15449202,0
19,5,-0.1011987,-0.039217837,-0.12458456,0.004428101,-1.0,-0.16857943,0
19,6,-0.12522978,-0.03991199,-0.13087179,0.006515259,-1.0,-0.18499179,0
19,7,-0.14926086,-0.041161783,-0.1376947,0.00900293,-1.0,-0.20410949,0
19,8,-0.17329195,-0.043026514,-0.14510565,0.011891114,-1.0,-0.22639446,0
19,9,-0.19732302,-0.04557399,-0.15316167,0.015179809,-1.0,-0.25241122,0
19,10,-0.22135411,-0.048878714,-0.16192493,0.018869018,-1.0,-0.2828472,0
19,11,-0.2453852,-0.053024106,-0.17146288,0.02295874,-1.0,-0.31854075,0
19,12,-0.26941627,-0.058101673,-0.18184873,0.027448975,-1.0,-0.36051238,0
19,13,-0.29344732,-0.06421508,-0.19316177,0.032339722,-1.0,-0.41000816,0
19,14,-0.3174784,-0.07147619,-0.2054875,0.037630983,-1.0,-0.4685417,0
19,15,-0.34150946,-0.0800066,-0.21891767,0.043322753,-1.0,-0.53794926,0
19,16,-0.36554053,-0.089940205,-0.23355025,0.04941504,-1.0,-0.620458,0
19,17,-0.3895716,-0.10141506,-0.24948907,0.055907957,-1.0,-0.7187445,0
19,18,-0.41360265,-0.11458353,-0.2668434,0.06280139,-1.0,-0.83603513,0
19,19,-0.43763372,-0.12959495,-0.28572667,0.07009534,-1.0,-0.97615707,0
19,20,-0.4616648,-0.14659718,-0.30625477,0.0777898,-1.0,-1.143623,0
19,21,-0.48569587,-0.1657306,-0.32854405,0.085884765,-1.0,-1.3436913,0
19,22,-0.50972694,-0.18711375,-0.35270807,0.09438025,-1.0,-1.5823777,0
19,23,-0.533758,-0.21083331,-0.37885377,0.103276245,-1.0,-1.866426,0
19,24,-0.5577891,-0.23692362,-0.40707642,0.11257275,-1.0,-2.2031684,0
19,25,-0.58182013,-0.26535094,-0.4374538,0.12226977,-1.0,-2.6002913,0
19,26,-0.6058512,-0.29598835,-0.4700396,0.13236731,-1.0,-3.0654147,0
19,27,-0.6298823,-0.3285953,-0.5048564,0.14286536,,-3.6055188,1
20,0,-0.015450745,0.0,-0.0027777776,0.0,-0.026111109440000002,-7.6154356e-05,0
20,1,-0.015437911,0.027471263,-0.100112975,0.00025732422,-0.80370565,-0.106465906,0
20,2,-0.03785367,0.027692225,-0.09768584,0.0008881836,-0.779785771,-0.10184991,0
20,3,-0.059204247,0.0277696,-0.095662214,0.001874878,-0.7603768116,-0.09803258,0
20,4,-0.079702646,0.02773774,-0.09403772,0.003203247,-0.745265868,-0.09497678,0
20,5,-0.09954521,0.027626429,-0.09280794,0.004862305,-0.7342624910000001,-0.092654034,0
20,6,-0.11891447,0.027467504,-0.09196832,0.0068442384,-0.7271646880000001,-0.091046885,0
20,7,-0.13798033,0.027280891,-0.09151476,0.009143921,-0.723834289,-0.090141736,0
20,8,-0.15690435,0.027091473,-0.09144336,0.011759033,-0.7241102189999999,-0.089937136,0
20,9,-0.17584014,0.02691694,-0.09175084,0.014689697,-0.727873196,-0.090437576,0
20,10,-0.19493622,0.02677668,-0.09243434,0.017938599,-0.7349993960000001,-0.09165775,0
20,11,-0.21433707,0.026686644,-0.09349164,0.021510864,-0.7453881960000001,-0.09362026,0
20,12,-0.2341849,0.026659667,-0.094921425,0.02541394,-0.7589630600000001,-0.096356206,0
20,13,-0.25462165,0.02670684,-0.096723266,0.029657593,-0.7756645004,-0.09990634,0
20,14,-0.27579036,0.026843574,-0.09889735,0.03425415,-0.79541722,-0.10432396,0
20,15,-0.29783517,0.027072111,-0.1014453,0.039218016,-0.818225265,-0.10966761,0
20,16,-0.32090542,0.027406558,-0.1043695,0.044566408,-0.84404051,-0.1160138,0
20,17,-0.34515393,0.027850222,-0.107673705,0.05031897,-0.8728817170000001,-0.123446874,0
20,18,-0.37074047,0.028405154,-0.11136305,0.056497924,-0.9047869,-0.1320647,0
20,19,-0.39783335,0.029077355,-0.11544397,0.06312854,-0.9397865430000001,-0.14198281,0
20,20,-0.42660958,0.029856304,-0.119925015,0.07023865,-0.9780136210000001,-0.15332548,0
20,21,-0.45726058,0.030743554,-0.12481631,0.07785962,-1.0,-0.1662424,0
20,22,-0.48900664,0.03138987,-0.13014828,0.08600976,-1.0,-0.1807291,0
20,23,-0.50370866,0.02554915,-0.13628402,0.094404906,-1.0,-0.19429521,0
20,24,-0.50370866,0.014103259,-0.14353567,0.10280005,-1.0,-0.21061137,0
20,25,-0.50370866,0.00201951,-0.15194896,0.11119519,-1.0,-0.23409723,0
20,26,-0.50370866,-0.010804114,-0.16157748,0.119590335,-1.0,-0.26598677,0
20,27,-0.50370866,-0.024471493,-0.17248233,0.12798548,-1.0,-0.30780095,0
20,28,-0.50370866,-0.039090656,-0.18473196,0.13638061,-1.0,-0.3613898,0
20,29,-0.50370866,-0.054768104,-0.1984016,0.14477576,-1.0,-0.42897466,0
20,30,-0.50370866,-0.07161127,-0.21357247,0.1531709,-1.0,-0.5131967,0
20,31,-0.50370866,-0.08972435,-0.23033103,0.16156603,-1.0,-0.61716247,0
20,32,-0.50370866,-0.109203145,-0.2487676,0.16996118,-1.0,-0.7444804,0
20,33,-0.50370866,-0.13013227,-0.26897475,0.17835632,-1.0,-0.8992899,0
20,34,-0.50370866,-0.152576,-0.29104483,0.18675147,-1.0,-1.086258,0
20,35,-0.50370866,-0.16125196,-0.29959953,0.1951466,-1.0,-1.1649575,0
20,36,-0.50370866,-0.18580984,-0.3243656,0.20354174,-1.0,-1.4043788,0
20,37,-0.50370866,-0.21191049,-0.3511949,0.21193689,-1.0,-1.688815,0
20,38,-0.50370866,-0.23948812,-0.38015625,0.22033203,-1.0,-2.024162,0
20,39,-0.50370866,-0.2684075,-0.4113018,0.22872718,-1.0,-2.4162169,0
20,40,-0.50370866,-0.2984548,-0.44466174,0.23712231,-1.0,-2.8703246,0
20,41,-0.50370866,-0.32932574,-0.48023883,0.24551746,-1.0,-3.3909144,0
20,42,-0.50370866,-0.3606175,-0.51800305,0.2539126,,-3.9809687,1
21,0,0.13453919,0.0,-0.0027777776,0.0,-0.026111109440000002,-7.6154356e-05,0
21,1,0.13274321,-0.04180498,0.18227452,0.0022124024,1.0,-0.34538677,0
21,2,0.16681573,-0.039103195,0.18055597,0.004992676,1.0,-0.3370567,0
21,3,0.20088828,-0.03653509,0.17969018,0.008340821,1.0,-0.33205828,0
21,4,0.23496081,-0.033995986,0.17966822,0.012256836,1.0,-0.33022982,0
21,5,0.26903334,-0.031381525,0.18048939,0.016740723,1.0,-0.33150455,0
21,6,0.3031059,-0.028587809,0.18216108,0.02179248,1.0,-0.33590984,0
21,7,0.33717844,-0.025505867,0.18469894,0.02741211,1.0,-0.3435699,0
21,8,0.371251,-0.022023778,0.1881269,0.033599608,1.0,-0.35471737,0
21,9,0.4053235,-0.018021984,0.19247751,0.040354982,1.0,-0.3697073,0
21,10,0.43939605,-0.013375345,0.19779184,0.04767822,1.0,-0.38904044,0
21,11,0.4734686,-0.007946837,0.2041199,0.055569336,1.0,-0.41339198,0
21,12,0.5075411,-0.0015890406,0.21152095,0.06402832,1.0,-0.44365215,0
21,13,0.54161364,0.0058576027,0.22006343,0.07305518,1.0,-0.48097605,0
21,14,0.57568616,0.014565831,0.22982521,0.0826499,1.0,-0.52684605,0
21,15,0.60775334,0.025269145,0.24092247,0.092779174,1.0,-0.58355707,0
21,16,0.60775334,0.046031266,0.2538968,0.10290845,1.0,-0.662714,0
21,17,0.60775334,0.06793783,0.26880357,0.11303772,1.0,-0.76567614,0
21,18,0.60775334,0.09110121,0.28570324,0.12316699,1.0,-0.89619905,0
21,19,0.60775334,0.11561529,0.30465892,0.13329627,1.0,-1.0586206,0
21,20,0.60775334,0.14154729,0.32573333,0.14342554,1.0,-1.2578288,0
21,21,0.60775334,0.16892734,0.34898555,0.15355481,1.0,-1.4991822,0
21,22,0.60775334,0.19773799,0.3744665,0.16368409,1.0,-1.7883664,0
21,23,0.60775334,0.22790094,0.40221477,0.17381336,1.0,-2.1311662,0
21,24,0.60775334,0.25926313,0.43225107,0.18394263,1.0,-2.5331378,0
21,25,0.60775334,0.2915865,0.46457314,0.1940719,1.0,-2.999198,0
21,26,0.60775334,0.32453588,0.49915054,0.20420118,1.0,-3.533109,0
21,27,0.60775334,0.35767654,0.53591985,0.21433045,,-4.136944,1
22,0,0.16206753,0.0,-0.0027777776,0.0,-0.026111109440000002,-7.6154356e-05,0
22,1,0.16206753,-0.1553329,-0.2542843,0.002701172,-1.0,-0.87946033,0
22,2,0.14439556,-0.1661185,-0.26951545,0.005107788,-1.0,-0.99288064,0
22,3,0.12672357,-0.17773046,-0.28629708,0.0072198487,-1.0,-1.1248795,0
22,4,0.10905159,-0.19024935,-0.30471066,0.009037353,-1.0,-1.278368,0
22,5,0.091379605,-0.2037497,-0.32484102,0.010560303,-1.0,-1.4566526,0
22,6,0.073707625,-0.21829803,-0.34677485,0.011788818,-1.0,-1.6634574,0
22,7,0.05603565,-0.23394597,-0.37059855,0.012722778,-1.0,-1.902912,0
22,8,0.03836367,-0.2507282,-0.39639553,0.013362182,-1.0,-2.1795406,0
22,9,0.020691693,-0.2686547,-0.42424303,0.0137070315,-1.0,-2.4982002,0
22,10,0.0030197143,-0.2877004,-0.454208,0.013757324,-1.0,-2.8639576,0
22,11,-0.014652263,-0.30779666,-0.48634246,0.013513061,-1.0,-3.2819269,0
22,12,-0.032324243,-0.32881874,-0.5206782,0.012974366,,-3.7570093,1
23,0,-0.21607795,0.0,-0.0027777776,0.0,-0.026111109440000002,-7.6154356e-05,0
23,1,-0.21607795,0.031337865,-0.23907794,0.0036013185,-1.0,-0.5739566,0
23,2,-0.23733538,0.020176407,-0.23992562,0.0075568845,-1.0,-0.57223636,0
23,3,-0.2585928,0.008873109,-0.24226235,0.011866821,-1.0,-0.58011514,0
23,4,-0.2798502,-0.002718727,-0.24609518,0.016531006,-1.0,-0.5979418,0
23,5,-0.30110765,-0.014741445,-0.25144166,0.021549439,-1.0,-0.62639034,0
23,6,-0.32236505,-0.02734163,-0.25832948,0.02692224,-1.0,-0.66647756,0
23,7,-0.34362248,-0.040674314,-0.26679656,0.032649294,-1.0,-0.7195995,0
23,8,-0.36487988,-0.054893136,-0.27689007,0.03873059,-1.0,-0.7875665,0
23,9,-0.3861373,-0.07015416,-0.28866574,0.04516626,-1.0,-0.8726496,0
23,10,-0.4073947,-0.08662011,-0.30218735,0.051956177,-1.0,-0.9776449,0
23,11,-0.42865214,-0.10444772,-0.31752518,0.05910034,-1.0,-1.1059153,0
23,12,-0.44990954,-0.12378619,-0.33475393,0.06659888,-1.0,-1.2614378,0
23,13,-0.47116697,-0.14477687,-0.353951,0.07445166,-1.0,-1.4488521,0
23,14,-0.49242437,-0.16753724,-0.37519324,0.08265869,-1.0,-1.6734475,0
23,15,-0.5136818,-0.19215092,-0.39855322,0.091220096,-1.0,-1.9411144,0
23,16,-0.5349393,-0.21865888,-0.42409497,0.10013574,-1.0,-2.2582436,0
23,17,-0.5561967,-0.24703722,-0.4518687,0.10940564,-1.0,-2.6314874,0
23,18,-0.57745415,-0.27718234,-0.4819049,0.11902991,-1.0,-3.067426,0
23,19,-0.5987116,-0.30889392,-0.51420814,0.12900843,,-3.5720985,1
24,0,-0.15597406,0.0,-0.0027777776,0.0,-0.026111109440000002,-7.6154356e-05,0
24,1,-0.15597406,-0.026956711,0.18349521,0.0025996093,1.0,-0.33958447,0
24,2,-0.1309669,-0.020686133,0.17873804,0.0047823484,1.0,-0.31959772,0
24,3,-0.10595975,-0.0150068505,0.17499945,0.00654834,1.0,-0.30452818,0
24,4,-0.08095259,-0.009807026,0.17223617,0.007897583,1.0,-0.29377773,0
24,5,-0.055945434,-0.004981336,0.1704136,0.008829956,1.0,-0.28690827,0
24,6,-0.030938279,-0.0004230726,0.16950579,0.009345581,1.0,-0.283621,0
24,7,-0.0059311218,0.0039610676,0.16949464,0.009444458,1.0,-0.2837398,0
24,8,0.019076034,0.0082634445,0.17036986,0.009126465,1.0,-0.28719854,0
24,9,0.04408319,0.012579369,0.17212896,0.008391724,1.0,-0.294038,0
24,10,0.069090344,0.017000247,0.17477705,0.0072402344,1.0,-0.30440325,0
24,11,0.0940975,0.021617461,0.17832679,0.005671997,1.0,-0.31854704,0
24,12,0.11910466,0.026522657,0.18279813,0.0036868895,1.0,-0.3368357,0
24,13,0.14411181,0.031818714,0.18821894,0.0012850342,1.0,-0.35976937,0
24,14,0.16911897,0.037603803,0.19462444,0.0015335693,1.0,-0.38798913,0
24,15,0.19412613,0.043982595,0.20205744,0.004769043,1.0,-0.4223045,0
24,16,0.21913329,0.051074255,0.21056892,0.008421265,1.0,-0.46373233,0
24,17,0.24414045,0.05899475,0.22021742,0.012490234,1.0,-0.5135153,0
24,18,0.26914757,0.06786933,0.23106904,0.016976073,1.0,-0.5731734,0
24,19,0.29415473,0.07783894,0.2431979,0.021878662,1.0,-0.6445683,0
24,20,0.31916186,0.08904372,0.2566854,0.027197998,1.0,-0.7299403,0
24,21,0.34416902,0.10163057,0.2716196,0.032934204,1.0,-0.83198196,0
24,22,0.36917615,0.11575731,0.28809482,0.039087158,1.0,-0.95392513,0
24,23,0.39418328,0.13157679,0.30621028,0.04565686,1.0,-1.0995877,0
24,24,0.41919044,0.14923908,0.32606807,0.05264331,1.0,-1.2734488,0
24,25,0.44419757,0.16888109,0.3477711,0.06004663,1.0,-1.4806879,0
24,26,0.46920472,0.19062257,0.3714199,0.0678667,1.0,-1.7272117,0
24,27,0.49421185,0.21454377,0.39710858,0.076103516,1.0,-2.0195758,0
24,28,0.519219,0.2406747,0.4249199,0.0847572,1.0,-2.3648605,0
24,29,0.5442261,0.26897645,0.45491955,0.093827635,1.0,-2.7704177,0
24,30,0.5692333,0.29931742,0.4871497,0.10331482,1.0,-3.2434497,0
24,31,0.58563375,0.33141348,0.5216199,0.11307544,,-3.7901368,1
25,0,-0.1663563,0.0,-0.0027777776,0.0,-0.026111109440000002,-7.6154356e-05,0
25,1,-0.1663563,0.03799079,0.18392043,0.002772583,1.0,-0.34829324,0
25,2,-0.1317049,0.040423043,0.18566273,0.0049676513,1.0,-0.35656425,0
25,3,-0.0970535,0.042870913,0.1882491,0.006585205,1.0,-0.36815718,0
25,4,-0.062402096,0.045436732,0.19168673,0.007625244,1.0,-0.38332087,0
25,5,-0.027750695,0.04822598,0.19599092,0.008087768,1.0,-0.4024058,0
25,6,0.0069007073,0.051344298,0.20118487,0.007972779,1.0,-0.42586985,0
25,7,0.041552108,0.054902334,0.20729983,0.0072802734,1.0,-0.4542978,0
25,8,0.07620351,0.059014708,0.21437505,0.006010254,1.0,-0.48841947,0
25,9,0.1108549,0.06380272,0.22245796,0.00416272,1.0,-0.52913904,0
25,10,0.14550631,0.06939696,0.23160432,0.0017376709,1.0,-0.57757205,0
25,11,0.1801577,0.07593311,0.24187805,0.0012650146,1.0,-0.6350803,0
25,12,0.21480909,0.08356361,0.2533516,0.004845215,1.0,-0.7033412,0
25,13,0.24946049,0.092444554,0.2661056,0.00900293,1.0,-0.78438884,0
25,14,0.28411192,0.10274427,0.2802285,0.013738159,1.0,-0.88069856,0
25,15,0.31876332,0.11463867,0.29581594,0.019050904,1.0,-0.99526197,0
25,16,0.3534147,0.12831016,0.31296992,0.024941161,1.0,-1.1316755,0
25,17,0.3880661,0.14394225,0.3317972,0.031408936,1.0,-1.2942259,0
25,18,0.4227175,0.16171329,0.35240713,0.038454223,1.0,-1.4879652,0
25,19,0.4573689,0.18178715,0.3749087,0.046077028,1.0,-1.7187647,0
25,20,0.4920203,0.20429862,0.39940676,0.054277346,1.0,-1.9933085,0
25,21,0.5266717,0.2293371,0.4259971,0.06305517,1.0,-2.319015,0
25,22,0.5613231,0.25692704,0.4547603,0.072410524,1.0,-2.7038395,0
25,23,0.59597456,0.28700292,0.48575526,0.082343385,1.0,-3.155911,0
25,24,0.63062596,0.3193841,0.5190113,0.09285376,,-3.6829755,1
26,0,-0.022714462,0.0,-0.0027777776,0.0,-0.026111109440000002,-7.6154356e-05,0
26,1,-0.022714462,0.049373567,-0.19587097,0.00037854005,-1.0,-0.40302923,0
26,2,-0.040922187,0.04048773,-0.19185966,0.0010605468,-1.0,-0.37969458,0
26,3,-0.059129912,0.032009732,-0.1890606,0.0020460205,-1.0,-0.36302656,0
26,4,-0.07733764,0.023826193,-0.18744127,0.003334961,-1.0,-0.35244343,0
26,5,-0.09554537,0.015829427,-0.18697855,0.0049273684,-1.0,-0.3475689,0
26,6,-0.11375309,0.007914044,-0.1876584,0.006823242,-1.0,-0.3482144,0
26,7,-0.13196081,-2.4119849e-05,-0.18947569,0.009022583,-1.0,-0.35436973,0
26,8,-0.15016855,-0.008091407,-0.19243445,0.011525391,-1.0,-0.36620262,0
26,9,-0.16837628,-0.016391296,-0.19654718,0.014331665,-1.0,-0.38406014,0
26,10,-0.18658401,-0.025032405,-0.20183523,0.017441407,-1.0,-0.40848097,0
26,11,-0.20479175,-0.034125116,-0.20832849,0.020854615,-1.0,-0.44021103,0
26,12,-0.22299948,-0.043781865,-0.21606529,0.024571288,-1.0,-0.4802251,0
26,13,-0.24120721,-0.054122336,-0.22509237,0.02859143,-1.0,-0.52976006,0
26,14,-0.25941494,-0.06526811,-0.23546469,0.03291504,-1.0,-0.5903476,0
26,15,-0.27762267,-0.07734517,-0.247245,0.037542116,-1.0,-0.6638573,0
26,16,-0.29583043,-0.0904851,-0.26050356,0.042472657,-1.0,-0.75254965,0
26,17,-0.31403816,-0.10482061,-0.27531737,0.047706664,-1.0,-0.8591243,0
26,18,-0.3322459,-0.12048539,-0.29176933,0.05324414,-1.0,-0.9867778,0
26,19,-0.35045362,-0.13760838,-0.3099467,0.059085082,-1.0,-1.1392491,0
26,20,-0.36866134,-0.1563112,-0.32993945,0.06522949,-1.0,-1.3208649,0
26,21,-0.38686907,-0.17669858,-0.35183775,0.07167737,-1.0,-1.5365492,0
26,22,-0.4050768,-0.198854,-0.37572914,0.07842859,-1.0,-1.7918204,0
26,23,-0.42328456,-0.22281893,-0.4016944,0.085483275,-1.0,-2.0926797,0
26,24,-0.4414923,-0.24858984,-0.42980325,0.09284143,-1.0,-2.4454994,0
26,25,-0.45970002,-0.2760945,-0.46010906,0.10050305,-1.0,-2.856731,0
26,26,-0.47790775,-0.30517802,-0.4926427,0.10846814,-1.0,-3.3325408,0
26,27,-0.49611548,-0.33558705,-0.5274069,0.116736695,,-3.87831,1
27,0,0.17259417,0.0,-0.0027777776,0.0,-0.026111109440000002,-7.6154356e-05,0
27,1,0.1724906,0.008132758,-0.14851445,0.002874878,-1.0,-0.21835488,0
27,2,0.15891476,0.0010503762,-0.14526913,0.0055234376,-1.0,-0.20830573,0
27,3,0.14533892,-0.0056288717,-0.14297187,0.007945801,-1.0,-0.20209256,0
27,4,0.13176309,-0.011988261,-0.14159249,0.010141846,-1.0,-0.19935873,0
27,5,0.118187256,-0.018115036,-0.14110862,0.012111695,-1.0,-0.19987492,0
27,6,0.10461142,-0.02408263,-0.14150485,0.0138552245,-1.0,-0.20352094,0
27,7,0.09103558,-0.029970756,-0.14277318,0.0153724365,-1.0,-0.21028441,0
27,8,0.077459745,-0.03585618,-0.14491275,0.016663453,-1.0,-0.2202543,0
27,9,0.06388391,-0.04180675,-0.14792922,0.01772815,-1.0,-0.2336123,0
27,10,0.050308075,-0.04789901,-0.15183531,0.018566651,-1.0,-0.25064898,0
27,11,0.036732238,-0.054201346,-0.1566502,0.019178834,-1.0,-0.2717548,0
27,12,0.0231564,-0.0607903,-0.1623999,0.019564819,-1.0,-0.29744428,0
27,13,0.009580563,-0.06773673,-0.169117,0.019724486,-1.0,-0.32835338,0
27,14,-0.0039952756,-0.07512134,-0.17684098,0.019657958,-1.0,-0.36527485,0
27,15,-0.017571114,-0.08301804,-0.18561774,0.019365113,-1.0,-0.40915433,0
27,16,-0.031146951,-0.0915097,-0.19550006,0.018845947,-1.0,-0.46113685,0
27,17,-0.044722788,-0.100682475,-0.2065474,0.018100586,-1.0,-0.5225888,0
27,18,-0.05829863,-0.110618375,-0.2188255,0.017128907,-1.0,-0.595113,0
27,19,-0.07187447,-0.12141027,-0.23240669,0.01593103,-1.0,-0.6806171,0
27,20,-0.0854503,-0.13314429,-0.24736892,0.0145068355,-1.0,-0.781314,0
27,21,-0.099026136,-0.1459149,-0.26379585,0.012856445,-1.0,-0.89980286,0
27,22,-0.11260197,-0.15980656,-0.28177553,0.010979736,-1.0,-1.0390632,0
27,23,-0.12617782,-0.17490655,-0.30139956,0.008876831,-1.0,-1.2025341,0
27,24,-0.13975364,-0.1912874,-0.32276133,0.0065476075,-1.0,-1.3940952,0
27,25,-0.15332948,-0.20901187,-0.3459544,0.0039920653,-1.0,-1.6181056,0
27,26,-0.16690531,-0.22812232,-0.37106952,0.0012103271,-1.0,-1.8793702,0
27,27,-0.18048115,-0.24862766,-0.39819172,0.0017977295,-1.0,-2.1830502,0
27,28,-0.19405699,-0.27050152,-0.42739603,0.0050319824,-1.0,-2.534578,0
27,29,-0.20763282,-0.29366282,-0.45874304,0.008492554,-1.0,-2.9394252,0
27,30,-0.22120866,-0.31796873,-0.49227357,0.012179322,-1.0,-3.402849,0
27,31,-0.2347845,-0.34319812,-0.5280028,0.016092407,,-3.929496,1
28,0,0.07547339,0.0,-0.0027777776,0.0,-0.026111109440000002,-7.6154356e-05,0
28,1,0.07547339,-0.0652569,0.23470338,0.0012579346,1.0,-0.58625925,0
28,2,0.118085146,-0.060337473,0.22960216,0.0032260742,1.0,-0.5567087,0
28,3,0.1606969,-0.05594176,0.22563581,0.005904297,1.0,-0.5337888,0
28,4,0.20330866,-0.051912297,0.2227689,0.009292725,1.0,-0.5167809,0
28,5,0.2459204,-0.04809197,0.22097716,0.013391358,1.0,-0.5051598,0
28,6,0.28853217,-0.044328444,0.22024722,0.018200194,1.0,-0.4985788,0
28,7,0.33114392,-0.040470712,0.22057657,0.023719238,1.0,-0.4968561,0
28,8,0.37375566,-0.03636742,0.22197336,0.029948486,1.0,-0.49997124,0
28,9,0.41636744,-0.031861298,0.22445661,0.03688794,1.0,-0.5080701,0
28,10,0.4589792,-0.026790757,0.2280561,0.044537596,1.0,-0.52148336,0
28,11,0.50159097,-0.020984082,0.23281254,0.05289746,1.0,-0.5407515,0
28,12,0.5442027,-0.014258482,0.23877773,0.06196753,1.0,-0.56666666,0
28,13,0.58681446,-0.006418532,0.24601465,0.0717478,1.0,-0.60032606,0
28,14,0.6294262,0.002745703,0.25459743,0.08223828,1.0,-0.6432032,0
28,15,0.67203796,0.013459349,0.26461092,0.09343897,1.0,-0.69723624,0
28,16,0.70812273,0.027552003,0.27623478,0.10524096,1.0,-0.7662356,0
28,17,0.70812273,0.05191446,0.29000744,0.117042966,1.0,-0.8638771,0
28,18,0.70812273,0.07753329,0.30597112,0.12884498,1.0,-0.9923904,0
28,19,0.70812273,0.10450345,0.32417014,0.14064698,1.0,-1.1562605,0
28,20,0.70812273,0.13288817,0.34464812,0.15244898,1.0,-1.3605477,0
28,21,0.70812273,0.1627061,0.36744323,0.16425097,1.0,-1.610762,0
28,22,0.70812273,0.19391966,0.3925839,0.17605297,1.0,-1.91267,0
28,23,0.70812273,0.22642083,0.42008376,0.18785498,1.0,-2.2720015,0
28,24,0.70812273,0.26001802,0.44993615,0.19965698,1.0,-2.6940532,0
28,25,0.70812273,0.29442513,0.48210886,0.21145898,1.0,-3.1832008,0
28,26,0.70812273,0.32925388,0.5165393,0.22326098,,-3.7423415,1
29,0,0.0085625,0.0,-0.0027777776,0.0,-0.026111109440000002,-7.6154356e-05,0
29,1,0.0085625,-0.03300066,0.20039888,0.0001427002,1.0,-0.4072509,0
29,2,0.034405615,-0.026191423,0.197787,0.00071618654,1.0,-0.39295614,0
29,3,0.060248733,-0.019684877,0.19629242,0.001720337,1.0,-0.3841594,0
29,4,0.08609185,-0.0133641455,0.19589347,0.0031551514,1.0,-0.38052964,0
29,5,0.11193497,-0.007116299,0.1965777,0.005020752,1.0,-0.38190812,0
29,6,0.13777809,-0.0008226271,0.19834197,0.007317017,1.0,-0.38829923,0
29,7,0.16362122,0.0056258813,0.2011919,0.010044067,1.0,-0.39987063,0
29,8,0.18946435,0.0123512065,0.2051424,0.0132017825,1.0,-0.4169592,0
29,9,0.21530746,0.019466441,0.21021694,0.016790284,1.0,-0.4400797,0
29,10,0.24115059,0.027099263,0.21644814,0.020809447,1.0,-0.46994922,0
29,11,0.2669937,0.03537377,0.22387718,0.0252594,1.0,-0.50750643,0
29,12,0.29283682,0.04443013,0.2325544,0.030140014,1.0,-0.55395806,0
29,13,0.31867993,0.054406345,0.24253859,0.035451293,1.0,-0.6108081,0
29,14,0.34452304,0.06545119,0.25389692,0.04119336,1.0,-0.6799177,0
29,15,0.37036616,0.07772463,0.26670483,0.04736609,1.0,-0.76357245,0
29,16,0.39620927,0.091385275,0.2810451,0.053969603,1.0,-0.8645331,0
29,17,0.42205235,0.10660158,0.29700702,0.061003786,1.0,-0.9861288,0
29,18,0.44789547,0.12353472,0.31468463,0.06846875,1.0,-1.1323038,0
29,19,0.47373858,0.14234763,0.33417532,0.07636438,1.0,-1.307714,0
29,20,0.4995817,0.16318169,0.35557666,0.084690794,1.0,-1.5177302,0
29,21,0.5254248,0.18615885,0.37898344,0.09344788,1.0,-1.7684734,0
29,22,0.5512679,0.21135628,0.40448272,0.10263562,1.0,-2.0667112,0
29,23,0.57711107,0.23879543,0.43214908,0.11225415,1.0,-2.4197097,0
29,24,0.6029542,0.2684225,0.46203837,0.122303344,1.0,-2.8349433,0
29,25,0.62879735,0.30008227,0.49418098,0.13278332,1.0,-3.3196135,0
29,26,0.6546405,0.3335027,0.5285751,0.14369397,,-3.88005,1
30,0,-0.16920573,0.0,-0.0027777776,0.0,-0.026111109440000002,-7.6154356e-05,0
30,1,-0.16920573,0.080878116,0.21208255,0.0028200683,1.0,-0.5093417,0
30,2,-0.15756784,0.0918156,0.21898593,0.005446167,1.0,-0.55761117,0
30,3,-0.14592996,0.10301723,0.22729516,0.007878296,1.0,-0.6160509,0
30,4,-0.13429208,0.11457348,0.23704812,0.010116455,1.0,-0.685913,0
30,5,-0.1226542,0.12657216,0.24829054,0.012160645,1.0,-0.76872236,0
30,6,-0.11101631,0.1390967,0.26107562,0.014010864,1.0,-0.86629415,0
30,7,-0.09937842,0.15222675,0.27546328,0.015667114,1.0,-0.98075837,0
30,8,-0.08774054,0.16603805,0.29151928,0.017129516,1.0,-1.1145867,0
30,9,-0.07610265,0.1805945,0.30931398,0.01839795,1.0,-1.2705889,0
30,10,-0.06446477,0.1959564,0.32892126,0.019472413,1.0,-1.4519633,0
30,11,-0.05282688,0.21216795,0.3504164,0.020352906,1.0,-1.6622646,0
30,12,-0.041188996,0.2292577,0.373874,0.021039428,1.0,-1.905403,0
30,13,-0.029551111,0.23753142,0.38647544,0.021531982,1.0,-2.0386,0
30,14,-0.017913228,0.2560293,0.41298947,0.021830566,1.0,-2.339111,0
30,15,-0.006275343,0.27537045,0.44162998,0.02193518,1.0,-2.6834679,0
30,16,0.0053625414,0.29547435,0.4724427,0.021845825,1.0,-3.0762064,0
30,17,0.017000426,0.31621167,0.50545526,0.0215625,,-3.5216665,1
31,0,-0.18246576,0.0,-0.0027777776,0.0,-0.026111109440000002,-7.6154356e-05,0
31,1,-0.18340974,0.04269918,-0.22471286,0.0030568847,-1.0,-0.51661116,0
31,2,-0.20755024,0.033490453,-0.22386903,0.0065161134,-1.0,-0.5058757,0
31,3,-0.23169076,0.024303384,-0.22436818,0.010377686,-1.0,-0.5028069,0
31,4,-0.25583127,0.015001958,-0.22620639,0.01464148,-1.0,-0.5073789,0
31,5,-0.2799718,0.005452499,-0.22939,0.019307617,-1.0,-0.51982003,0
31,6,-0.30411234,-0.004486969,-0.23393574,0.024376098,-1.0,-0.5406217,0
31,7,-0.32825288,-0.014959507,-0.23987056,0.029846923,-1.0,-0.5705595,0
31,8,-0.3523934,-0.02611399,-0.24723132,0.03572009,-1.0,-0.61072046,0
31,9,-0.37653393,-0.038104467,-0.25606453,0.041995607,-1.0,-0.6625418,0
31,10,-0.40067446,-0.05109049,-0.26642597,0.048673462,-1.0,-0.72785914,0
31,11,-0.424815,-0.065238245,-0.27838024,0.055753663,-1.0,-0.80896515,0
31,12,-0.44895554,-0.080716364,-0.29199982,0.06323621,-1.0,-0.90867174,0
31,13,-0.47309607,-0.097694345,-0.30736372,0.0711211,-1.0,-1.0303768,0
31,14,-0.4972366,-0.116338536,-0.32455605,0.079408325,-1.0,-1.1781303,0
31,15,-0.52137715,-0.13680537,-0.34366357,0.0880979,-1.0,-1.3566841,0
31,16,-0.5455176,-0.15923353,-0.3647729,0.09718982,-1.0,-1.5715184,0
31,17,-0.56965816,-0.18372963,-0.38796666,0.10668408,-1.0,-1.8288108,0
31,18,-0.59379864,-0.21035591,-0.41331902,0.11658069,-1.0,-2.1353421,0
31,19,-0.6179392,-0.23911016,-0.44089007,0.12687963,-1.0,-2.4982798,0
31,20,-0.64207965,-0.269908,-0.47071967,0.13758093,-1.0,-2.9248452,0
31,21,-0.6662201,-0.30256218,-0.50282097,0.14868458,,-3.4218135,1
32,0,0.17728885,0.0,-0.0027777776,0.0,-0.026111109440000002,-7.6154356e-05,0
32,1,0.17728885,-0.056787513,-0.008621072,0.002954834,-0.36497564180000003,-0.032986123,0
32,2,0.16480874,-0.05261553,-0.010914981,0.00570166,-0.3656784714,-0.028876029,0
32,3,0.15230606,-0.048627295,-0.0130298,0.008240112,-0.365616595,-0.025355706,0
32,4,0.13980539,-0.04481376,-0.014984505,0.010570191,-0.36492314700000006,-0.02235467,0
32,5,0.12732695,-0.041169055,-0.016796844,0.012692261,-0.3637356086,-0.019814007,0
32,6,0.11488661,-0.037689317,-0.018483678,0.014607056,-0.3621931582,-0.017683443,0
32,7,0.1024958,-0.034363907,-0.020060651,0.016315307,-0.3603896544,-0.015913699,0
32,8,0.09016293,-0.03118684,-0.021542521,0.017817993,-0.3584338974,-0.014465218,0
32,9,0.07789297,-0.028154423,-0.02294335,0.019116212,-0.35643960500000005,-0.013304763,0
32,10,0.065687194,-0.025254961,-0.024276186,0.020210937,-0.3544709534,-0.012398857,0
32,11,0.053544845,-0.022488186,-0.025553625,0.021103393,-0.352645005,-0.011724592,0
32,12,0.04146138,-0.01984017,-0.026787248,0.021794433,-0.3510009812,-0.011255823,0
32,13,0.029430974,-0.01730786,-0.027988227,0.022284912,-0.3496286338,-0.010975193,0
32,14,0.017444894,-0.014887534,-0.029167386,0.022575684,-0.34861109840000004,-0.01086765,0
32,15,0.0054916944,-0.012568148,-0.030334791,0.022667237,-0.34798777540000003,-0.01091849,0
32,16,-0.006441353,-0.010346702,-0.031500183,0.022559937,-0.3478352302,-0.011118246,0
32,17,-0.018369468,-0.00821388,-0.032672837,0.022253783,-0.3481940678,-0.011458238,0
32,18,-0.030309187,-0.0061672167,-0.033861842,0.021748656,-0.34913739830000007,-0.011933577,0
32,19,-0.042279396,-0.0041963174,-0.035075728,0.021043945,-0.35069343020000004,-0.012540154,0
32,20,-0.05429987,-0.0023019088,-0.03632317,0.020138916,-0.352947342,-0.013277465,0
32,21,-0.06639309,-0.0004746228,-0.03761245,0.019032348,-0.355930144,-0.014145862,0
32,22,-0.07858246,0.0012903775,-0.038951654,0.017722657,-0.35969366010000003,-0.015148172,0
32,23,-0.09089294,0.0029998957,-0.04034874,0.016207764,-0.36427867750000004,-0.016289262,0
32,24,-0.10335071,0.0046571693,-0.04181164,0.01448523,-0.3697435695,-0.01757598,0
32,25,-0.115983605,0.0062668263,-0.043348305,0.012552124,-0.3761399355,-0.019017246,0
32,26,-0.12882094,0.007831739,-0.04496677,0.010405151,-0.383528943,-0.020623937,0
32,27,-0.14189371,0.009359127,-0.04667498,0.008040283,-0.391949177,-0.022409724,0
32,28,-0.15523386,0.010853333,-0.048481066,0.005453003,-0.40145535540000005,-0.02439047,0
32,29,-0.16887473,0.012312258,-0.050393503,0.0026384278,-0.41213763820000004,-0.026583312,0
32,30,-0.18285212,0.013742121,-0.052420888,0.00040905763,-0.4240457422,-0.02900972,0
32,31,-0.19720295,0.015148329,-0.054571986,0.0036958007,-0.4372350234,-0.031694233,0
32,32,-0.21196541,0.016525565,-0.056856308,0.0072285156,-0.4518214702000001,-0.03466195,0
32,33,-0.2271807,0.01788283,-0.05928339,0.011014893,-0.467849716,-0.037945546,0
32,34,-0.24289086,0.01921469,-0.061863564,0.015063111,-0.48544405160000004,-0.041577462,0
32,35,-0.25914106,0.020521639,-0.06460776,0.01938208,-0.5047047490000001,-0.04559655,0
32,36,-0.27597877,0.021805119,-0.067527495,0.023981689,-0.5257328580000001,-0.05004722,0
32,37,-0.29345375,0.0230623,-0.070635,0.028872559,-0.5486575,-0.054977965,0
32,38,-0.31161886,0.024288092,-0.07394357,0.034066163,-0.5736290980000001,-0.060442924,0
32,39,-0.3305304,0.025477458,-0.07746756,0.03957495,-0.6008077740000001,-0.06650379,0
32,40,-0.35024843,0.026627585,-0.08122225,0.045412477,-0.630351225,-0.07323176,0
32,41,-0.37083647,0.027723918,-0.08522462,0.05159314,-0.662491838,-0.08070235,0
32,42,-0.39236364,0.02875791,-0.08949295,0.058132567,-0.69744418,-0.08900542,0
32,43,-0.4149039,0.029715309,-0.09404733,0.06504761,-0.735468357,-0.098241255,0
32,44,-0.43853715,0.030581761,-0.09890966,0.07235657,-0.776841999,-0.10852572,0
32,45,-0.4633495,0.031334292,-0.10410418,0.0800791,-0.8219078320000001,-0.11998834,0
32,46,-0.4894349,0.031944424,-0.10965783,0.088236324,-0.8710614820000001,-0.1327777,0
32,47,-0.51689637,0.03238804,-0.1156,0.09685132,-0.9246998000000001,-0.14707103,0
32,48,-0.5458455,0.032619216,-0.12196386,0.10594873,-0.983364204,-0.16306487,0
32,49,-0.57640636,0.03259928,-0.12878592,0.11555554,-1.0,-0.18099912,0
32,50,-0.6070739,0.031710103,-0.13613677,0.12567346,-1.0,-0.20086779,0
32,51,-0.63774145,0.029819956,-0.1440948,0.13630249,-1.0,-0.22310716,0
32,52,-0.668409,0.02681767,-0.15274483,0.14744262,-1.0,-0.24832912,0
32,53,-0.69907653,0.022576267,-0.16217865,0.15909387,-1.0,-0.2773418,0
32,54,-0.7297441,0.016950186,-0.17249586,0.17125623,-1.0,-0.31120574,0
32,55,-0.7604116,0.009778736,-0.18380392,0.18392982,-1.0,-0.35130486,0
32,56,-0.79107916,0.0008746162,-0.19621892,0.1971145,-1.0,-0.39943293,0
32,57,-0.8217467,0.0035449322,-0.19603087,0.2108103,-1.0,-0.40161633,0
32,58,-0.85241425,-0.0077203,-0.2099181,0.2250172,-1.0,-0.46082252,0
32,59,-0.8830818,-0.021219954,-0.22519624,0.23973523,-1.0,-0.5337601,0
